"postid";"type";"parentid";"categoryid";"catidpath1";"catidpath2";"catidpath3";"acount";"amaxvote";"selchildid";"closedbyid";"userid";"cookieid";"createip";"lastuserid";"lastip";"upvotes";"downvotes";"netvotes";"lastviewip";"views";"hotness";"flagcount";"format";"created";"updated";"updatetype";"title";"content";"tags";"name";"notify";"title";"title";"content"
"8";"C";"7";"27";"27";NULL;NULL;"0";"0";NULL;NULL;NULL;"14309632030953367865";"3269534150";NULL;NULL;"0";"0";"0";NULL;"0";NULL;"0";;"2016-10-04 13:44:41";NULL;NULL;NULL;"من هم با ابن نظر تا حدودی موافقم البته اگه دانشگاه اصفهان باشه. اما دانشگاه *صنعتی* اصفهان باشه، به نظرم کامپیوتر اونجا خیلی ضعیفه اما برقش خوبه.(کل گرایشهای کامپیوتر در صنعتی اصفهان یه گروه کوچیک در دانشکده برقه و مستقل نیست).";NULL;;NULL;"تحصیل";NULL;"دانشگاه اصفهان جز تاپ تن هاي دانشگاه هاي ايران هستند. و اگر مشكل از دوري پايتخت نباشد اصفهان بخاطر دانشگاه روزانه بودنش قطعا بهتر است."
"31";"C";"30";"27";"27";NULL;NULL;"0";"0";NULL;NULL;NULL;"14309632030953367865";"3269534150";NULL;NULL;"0";"0";"0";NULL;"0";NULL;"0";;"2016-10-29 17:21:33";NULL;NULL;NULL;"فکر کنم همینطوره ولی من max-cut یادم نیست و فقط min-cut رو شنیدم.";NULL;;NULL;"تحصیل";"آیا منظور از cutset همان min-cut و max-cut است ؟";"با سلام و احترام خدمت دوستان

آیا منظور از cutset همان min-cut و max-cut است ؟"
"32";"C";"30";"27";"27";NULL;NULL;"0";"0";NULL;NULL;NULL;"7695257305209988730";"2549593027";NULL;NULL;"0";"0";"0";NULL;"0";NULL;"0";;"2016-10-29 22:05:32";NULL;NULL;NULL;"متشکرم ، اگر دوستان دیگر هم نظری دارند بفرمایند.
با تشکر";NULL;"میرحبیبی";"mirhabibialireza@gmail.com";"تحصیل";"آیا منظور از cutset همان min-cut و max-cut است ؟";"با سلام و احترام خدمت دوستان

آیا منظور از cutset همان min-cut و max-cut است ؟"
"38";"C";"18";"27";"27";NULL;NULL;"0";"0";NULL;NULL;NULL;"9254509270610278418";"91574190";NULL;NULL;"0";"0";"0";NULL;"0";NULL;"0";;"2016-11-03 22:19:21";NULL;NULL;NULL;"آقای دکتر امکان داره نام کتاب رو بگویید";NULL;;NULL;"تحصیل";NULL;"سلام. مرجع اصلی، یک کتاب درسیه."
"43";"C";"41";"19";"19";NULL;NULL;"0";"0";NULL;NULL;NULL;"10910103860499403125";"1354749961";NULL;NULL;"0";"0";"0";NULL;"0";NULL;"0";;"2016-11-11 11:36:59";NULL;NULL;NULL;"من بارها شنیدم که بعضی ها با دروغ خود را آدم خوب (مثلا به قصد ازدواج) معرفی کرده اند و از سادگی اون فرد سوء استفاده کردند. حتی بعضی ها با هدف قاچاق و موارد مخدر.";NULL;;NULL;"کامپیوتر و موبایل";NULL;"سلام. تهدیدات برای چه کسانی؟ من فکر میکنم یک تهدید برای نوجوانها باشد که گول بخورند و در اخبارهای داخل و خارج هم دیده ام."
"50";"C";"15";"19";"19";NULL;NULL;"0";"0";NULL;NULL;NULL;"11603662919653649145";"2956500488";NULL;NULL;"0";"0";"0";NULL;"0";NULL;"0";;"2016-11-13 10:47:43";NULL;NULL;NULL;"اپل که فعلا قاچاق شده و حرفش هست که به تازگی محموله قانونیش تو بازار عرضه شه";NULL;;NULL;"کامپیوتر و موبایل";NULL;"متاسفانه امکان این کار وجود ندارد."
"71";"C";"64";"27";"27";NULL;NULL;"0";"0";NULL;NULL;"4";NULL;"1354749961";NULL;NULL;"0";"0";"0";NULL;"0";NULL;"0";;"2016-11-24 00:05:20";NULL;NULL;NULL;"ایشالا حل هم بشود";NULL;NULL;"@";"تحصیل";NULL;"فایل دانلود شد 

ممنون

شاد باشید..."
"72";"C";"37";"29";"29";NULL;NULL;"0";"0";NULL;NULL;"4";NULL;"1354749961";NULL;NULL;"0";"0";"0";NULL;"0";NULL;"0";;"2016-11-24 00:08:39";NULL;NULL;NULL;"کاملا با نظر شما موافقم
قطعا نمی شه  کار و حقوق خوب تو تهران رو با ظرف شستن و کار توی رستوران و پمپ بنزین توی کانادا تعویض کرد";NULL;NULL;"@";"کار";NULL;"بستگی به تخصص شما داره

اگه در تهران این حقوق رو با تخصصی مثل برنامه نویسی کسب می کنین قطعا در کانادا در آمدی بیش از 4 برابر این رو کسب خواهین کرد"
"77";"C";"76";"27";"27";NULL;NULL;"0";"0";NULL;NULL;"4";NULL;"2549111115";NULL;NULL;"0";"0";"0";NULL;"0";NULL;"0";;"2016-11-28 19:38:28";NULL;NULL;NULL;"سلام من هر سه لینک رو تست کردم و باز شد
با تشکر";NULL;NULL;"@";"تحصیل";NULL;"باز نمیکنه"
"83";"C";"82";"27";"27";NULL;NULL;"0";"0";NULL;NULL;NULL;"13827521152575762269";"1354750937";NULL;NULL;"0";"0";"0";NULL;"0";NULL;"0";;"2016-12-06 14:55:29";NULL;NULL;NULL;"بسیار متشکر";NULL;;NULL;"تحصیل";NULL;"سلام البته. که میشه. فرقی نداره.
حتما هم نباید مقاله باشه. میتونین هر موضوعی که دوست دارین انتخاب کنین. همینکه مرتبط با شبکه های اجتماعی باشه کافیه.
در پناه خدا"
"88";"C";"70";"27";"27";NULL;NULL;"0";"0";NULL;NULL;NULL;"12685844022630711756";"3269534150";NULL;NULL;"0";"0";"0";NULL;"0";NULL;"0";;"2016-12-10 19:49:09";NULL;NULL;NULL;"سلام. من با نظر شما موافقم. ممنون. فقط فکر میکنم که بازار کار خیلی به نرم افزار (و تا حدودی هم به هوش) احتیاج داره و این احتیاج در زمینه سیستمهای وب داره حتی بیشتر هم میشه. بازم ممنون.";NULL;;NULL;"تحصیل";NULL;"سلام

به نظرم این سوال یکم شخصیه و بستگی به هدفتون از ادامه تحصیل و همچنین علاقتون داره

هوش خیلی تو ایران بازار کار پیدا نکرده که البته احتمال این هست که در آینده بهتر بشه.

فعلا بازار نرم افزار بهتره البته اونم داره اشباع میشه کم کم

 نظر خودم اینه که هوش بخونم و در آموزشگاههای معتبر هم برنامه نویسی رو یاد بگیرم"
"94";"C";"93";"19";"19";NULL;NULL;"0";"0";NULL;NULL;NULL;"17029763121691538549";"87320944";NULL;NULL;"0";"0";"0";NULL;"0";NULL;"0";;"2016-12-16 02:00:29";NULL;NULL;NULL;"اصطلاح انگليسيه بازاريابي ويروسي چيست؟";NULL;;"noujan@live.com";"کامپیوتر و موبایل";NULL;"بازاریابی ویروسی"
"98";"C";"93";"19";"19";NULL;NULL;"0";"0";NULL;NULL;NULL;"1036816285657515306";"97813916";NULL;NULL;"0";"0";"0";NULL;"0";NULL;"0";;"2016-12-18 21:43:29";NULL;NULL;NULL;"Viral Marketing";NULL;;NULL;"کامپیوتر و موبایل";NULL;"بازاریابی ویروسی"
"106";"C";"105";"19";"19";NULL;NULL;"0";"0";NULL;NULL;"4";NULL;"2549091079";NULL;NULL;"0";"0";"0";NULL;"0";NULL;"0";;"2016-12-24 10:18:47";NULL;NULL;NULL;"سلام مجدد
اینترنت وایمکس شدیدا به منطقه ای که هستید و حتی موقعیت منزل (از لحاظ طبقه و..) بستگی داره حتی در بعضی از مناطق مجبورید از دستگاهها خارج از منزل (outdoor)  استفاده کنید. با ید قبل از خرید روی نقشه ای که در سایت شرکت سرویس دهنده قرار دارد محل خود را از نظر پوشش شبکه ای بررسی کنید.
در مورد اینترنت ای دی اس ال: بستگی به مرکز مخابرات منطقه و کیفیت سیمهای تلفنتون داره که اون هم با تماس و استعلام متوجه می شید تا چه سرعتی رو ساپورت می کنه
پیشنهاد من برای ADSL:    اول شاتل 2- آسیا تک 3- های وب 4- صبا نت 5- پیشگامان است البته میانگین رضایت مندی مناطق را گفتم گاهی ممکن است در یک منطقه یک شرکت سرویس بهتری ارائه دهد
در ضمن قبل از خرید از چشنواره ها و سرویسهای با تخفیف ویژه که گاهی شرکت ها دارند با خبر بشید
مزیت وایمکس : قابلیت جابجایی    و مزیت ای دی اس ال مقرون به صرفه بودن در سرعتهای بالا تر است
البته از سرویسهای وایرلس هم می توانید استفاده کنید که یکم هزینه بالاتری نسبت به هر دو سرویس فوق دارند
لطفا دستان دیگه هم نظرشون رو اعلام کنن با تشکر";NULL;NULL;"@";"کامپیوتر و موبایل";NULL;"سلام بله وایمکس"
"111";"C";"109";"19";"19";NULL;NULL;"0";"0";NULL;NULL;NULL;"11603662919653649145";"2956500488";NULL;NULL;"0";"0";"0";NULL;"0";NULL;"0";;"2016-12-24 12:54:28";NULL;NULL;NULL;"ممنون از جواب، تو گوشی های اندرویدی، به نظر شما سامسونگ بهتره یا ایسوس؟";NULL;;NULL;"کامپیوتر و موبایل";NULL;"<p>با سلام</p><p style=""text-align:justify""><strong>اگر یک گوشی با امنیت بیشتر هم از نظر سیستم عامل و هم خود گوشی نیاز دارین آیفون از شرکت اپل گزینه مناسبیه که البته گرانه و دردسر های خاص خودش را هم&nbsp;داره. ولی اگر&nbsp;گوشی ارزانتر و با کیفیت و با کاربری راحتتر لازم دارید، گوشی های مبتنی بر آندروید بهترند&nbsp;مثل سامسونگ </strong></p>"
"112";"C";"110";"19";"19";NULL;NULL;"0";"0";NULL;NULL;NULL;"11603662919653649145";"2956500488";"1";"2956500488";"0";"0";"0";NULL;"0";NULL;"0";;"2016-12-24 12:57:26";"2016-12-29 09:51:17";"E";NULL;"به نظرم هواوی خیلی چینیه. سامسونگ A3 مدل 2016 به نظرم سرتره";NULL;;NULL;"کامپیوتر و موبایل";NULL;"<p style=""text-align:justify""><strong>با سلام</strong></p><p style=""text-align:justify""><strong>اگه برند گوشی برایتان مهم نیست و بازی های معمولی هم مد نظرتان است،&nbsp;می توانید با قیمت معقولی&nbsp;گوشی هوواوی بخرید.</strong></p>"
"114";"C";"84";"27";"27";NULL;NULL;"0";"0";NULL;NULL;NULL;"11603662919653649145";"2956500488";NULL;NULL;"0";"0";"0";NULL;"0";NULL;"0";;"2016-12-24 13:01:15";NULL;NULL;NULL;"در چه مقطعی میخوای ادامه بدی؟";NULL;;NULL;"تحصیل";"برای ادامه تحصیل ایران بهتر است یا خارج؟";
"115";"C";"109";"19";"19";NULL;NULL;"0";"0";NULL;NULL;NULL;"5138587400830652600";"781135081";"1";"2956500488";"0";"0";"0";NULL;"0";NULL;"0";;"2016-12-24 13:14:54";"2016-12-29 09:56:26";"E";NULL;"معمولا برند ایسوس تبلت های معروفی داره. در مورد گوشی سامسونگ بهتراست.";NULL;;NULL;"کامپیوتر و موبایل";NULL;"<p>با سلام</p><p style=""text-align:justify""><strong>اگر یک گوشی با امنیت بیشتر هم از نظر سیستم عامل و هم خود گوشی نیاز دارین آیفون از شرکت اپل گزینه مناسبیه که البته گرانه و دردسر های خاص خودش را هم&nbsp;داره. ولی اگر&nbsp;گوشی ارزانتر و با کیفیت و با کاربری راحتتر لازم دارید، گوشی های مبتنی بر آندروید بهترند&nbsp;مثل سامسونگ </strong></p>"
"116";"C";"113";"19";"19";NULL;NULL;"0";"0";NULL;NULL;NULL;"5138587400830652600";"781135081";NULL;NULL;"0";"0";"0";NULL;"0";NULL;"0";;"2016-12-24 13:19:34";NULL;NULL;NULL;"افزایش سرعت گوشی منظور شماست ؟ یا افزایش سرعت سیستم عامل آندروید";NULL;;NULL;"کامپیوتر و موبایل";"افزایش سرعت اندروید";"سلام

من در مورد افزایش سرعت اندروید یه چیزهایی شنیدم ولی خیلی سر در نمیارم چطور میشه سرعت اندروید را افزایش داد؟

ممنون میشم اگر کسی کمک کند."
"117";"C";"113";"19";"19";NULL;NULL;"0";"0";NULL;NULL;NULL;"11603662919653649145";"2956500488";NULL;NULL;"0";"0";"0";NULL;"0";NULL;"0";;"2016-12-25 08:37:32";NULL;NULL;NULL;"منظورم در واقع افزایش سرعت سیستم عامل اندروید روی گوشی موبایله که نهایتا منجر به افزایش سرعت پردازش گوشی میشه
ممنون";NULL;;NULL;"کامپیوتر و موبایل";"افزایش سرعت اندروید";"سلام

من در مورد افزایش سرعت اندروید یه چیزهایی شنیدم ولی خیلی سر در نمیارم چطور میشه سرعت اندروید را افزایش داد؟

ممنون میشم اگر کسی کمک کند."
"120";"C";"102";"19";"19";NULL;NULL;"0";"0";NULL;NULL;NULL;"17069559326453115753";"3563035654";NULL;NULL;"0";"0";"0";NULL;"0";NULL;"0";;"2016-12-25 21:54:03";NULL;NULL;NULL;"سرویس وایرلس از طریق آنتن";NULL;"سارا";NULL;"کامپیوتر و موبایل";NULL;"سلام وقتتون بخیر

منظورتون وایمکسه یا دقیقا وایرلس رو می فرمایید؟؟"
"122";"C";"105";"19";"19";NULL;NULL;"0";"0";NULL;NULL;NULL;"9737595261265628182";"1506073464";NULL;NULL;"0";"0";"0";NULL;"0";NULL;"0";;"2016-12-25 23:22:26";NULL;NULL;NULL;"مرسی از راهنماییتون آقای خالقی";NULL;;NULL;"کامپیوتر و موبایل";NULL;"سلام بله وایمکس"
"132";"C";"128";"27";"27";NULL;NULL;"0";"0";NULL;NULL;NULL;"7227612719252291185";"3269534150";NULL;NULL;"0";"0";"0";NULL;"0";NULL;"0";;"2016-12-31 20:06:22";NULL;NULL;NULL;"موافقم.";NULL;;NULL;"تحصیل";NULL;"تمرین های استاد که برای حل داده بودند  رو کامل بلد باشی و حل کنی و خود جزوه رو دقیق مطالعه کنی نیاز به نمونه سوال نخواهی داشت عزیز"
"139";"C";"137";"19";"19";NULL;NULL;"0";"0";NULL;NULL;NULL;"11603662919653649145";"2956500488";NULL;NULL;"0";"0";"0";NULL;"0";NULL;"0";;"2017-01-01 10:56:27";NULL;NULL;NULL;"خیلی ممنون، جواب کامل و گویا بود";NULL;;NULL;"کامپیوتر و موبایل";NULL;"<p>سلام سیم کارتتون جدیده؟؟</p><p>اگه نیست حتما باید برید و اون رو عوض کنیید تا بتونه 4G رو ساپورت کنه</p><p>شما&nbsp;می‌توانید بدون نیاز به پرداخت هرگونه هزینه راه اندازی یا فعال سازی اینترنت، صرفا با&nbsp; راه اندازی اینترنت گوشی و&nbsp; حضور در&nbsp;<a rel=""nofollow"" href=""https://irancell.ir/portal/home/?12857/%D8%A7%DB%8C%D8%B1%D8%A7%D9%86%D8%B3%D9%84%E2%80%93%D9%85%D9%86%D8%A7%D8%B7%D9%82-%D8%AA%D8%AD%D8%AA-%D9%BE%D9%88%D8%B4%D8%B4"">مناطق تحت پوشش اینترنت همراه</a>، با تنظیم&nbsp;<a rel=""nofollow"" href=""https://irancell.ir/portal/home/?55916/%D8%A8%D8%B1%D8%B1%D8%B3%DB%8C-%D9%82%D8%A7%D8%A8%D9%84%DB%8C%D8%AA-3G-%D9%88-4G-%DA%AF%D9%88%D8%B4%DB%8C"">گوشی‌های پشتیبانی کننده اینترنت&nbsp;<span style=""font-family:tahoma"">3G</span>&nbsp;و یا<span style=""font-family:tahoma"">&nbsp;4G</span></a>&nbsp;خود، از سریع ترین&nbsp; اینترنت همراه کشور بهره‌مند شوید.</p><p>لطفا توجه داشته باشید، نوع اتصال شما به شبکه اینترنت همراه (نسل ۲، ۳ و یا ۴) بر اساس شبکه انتخابی پیش فرض در گوشی تلفن‌همراهتان تعیین خواهد شد؛ بدین معنی که اگر طبق تنظیمات گوشی شما، شبکه پیش فرض، نسل ۴ انتخاب شده باشد ولی شما در محدوه پوشش نسل ۳ باشید، گوشی به طور خودکار از اتصال شبکه نسل ۳ استفاده خواهد کرد. علامت‌های H+ ،H ،<span style=""font-family:tahoma"">3</span>G و حتی LTE و&nbsp;<span style=""font-family:tahoma"">4</span>G روی نمایشگر تلفن‌همراه نشان می‌دهد که شما در شبکه اینترنت همراه هستید.(کپی شده از سایت ایرانسل)</p><p>&nbsp;</p><p>برای اینکه بدانید گوشیتون 4G رو ساپورت می کنه یا نه به لینک زیر مراجعه فرمایید.</p><p>&nbsp;</p><p>https://eform.irancell.ir/portal/home/?55916/%D8%A8%D8%B1%D8%B1%D8%B3%D9%8A-%D9%82%D8%A7%D8%A8%D9%84%D9%8A%D8%AA-3G-%D9%88-4G-%DA%AF%D9%88%D8%B4%D9%8A</p>"
"147";"C";"133";"37";"37";NULL;NULL;"0";"0";NULL;NULL;NULL;"16615473518201871243";"1839391251";NULL;NULL;"0";"0";"0";NULL;"0";NULL;"0";;"2017-01-01 13:11:21";NULL;NULL;NULL;"ممنونم از پاسخ شما";NULL;;NULL;"برنامه‌نویسی";NULL;"سلام خوب یادم نیست ولی فکر کنم replase missing value  بود

دوستان کسی با weka کار کرده بتونه به ایشون کمک کنه؟؟

می تونید از لینک زیر چندتا آموزش خوب ازش ببینید

 

http://lnl.ir/%D8%AF%D8%A7%D9%86%D9%84%D9%88%D8%AF-weka-%D9%88-%D9%87%D9%85%D9%87-%D8%A7%D8%B7%D9%84%D8%A7%D8%B9%D8%A7%D8%AA-%D9%85%D9%88%D8%B1%D8%AF-%D9%86%DB%8C%D8%A7%D8%B2/"
"292";"C";"291";"27";"27";NULL;NULL;"0";"0";NULL;NULL;NULL;"17354010447476017784";"3269534568";NULL;NULL;"0";"0";"0";NULL;"0";NULL;"0";;"2017-01-28 17:41:25";NULL;NULL;NULL;"به نظر من برای بازار کار شبکه و امنیت هم خوبه. در مورد هوش، به نظر من هوش با سه گرایش دیگه از این نظر متفاوته که بنیادی تره و خیلی جاها از جمله در مهندسی نرم افزار، معماری و شبکه کاربرد داره. پس خوبه که حتی اگه هوش رو انتخاب نمیکنین بعضی از درس هاش رو (مثل یادگیری ماشین) بخونین. البته این نظر شخصیه، لطفا دوستان نظر بدن.";NULL;;NULL;"تحصیل";NULL;"سلام. از نظر بازار کار به نظر من نرم افزار در مجموع بهتره
برای ادامه تحصیل فکر میکنم هوش بیشتر استفاده داشته باشه.
البته بطور متوسط میگم و گرنه بستگی به شرایط داره."
"367";"C";"205";"29";"29";NULL;NULL;"0";"0";NULL;NULL;"89";NULL;"3115776227";"89";"3115776227";"0";"0";"0";NULL;"0";NULL;"0";;"2017-08-15 15:35:53";"2017-08-15 15:36:20";"E";NULL;"مگه آلمان هم مثل کانادا و استرالیا مهاجر پذیره؟";NULL;NULL;NULL;"کار";"مهاجرت به آلمان";"برای مهاجرت به آلمان و اقامت دائم گرفتن، آیا بهتر است از همان ابتدا درخواست مهاجرت کنیم یا اینکه در ابتدا برای تحصیل به آنجا رفته و سپس درخواست اقدامت دائم کنیم؟"
"386";"C";"364";"27";"27";NULL;NULL;"0";"0";NULL;NULL;"19";NULL;"1354750937";NULL;NULL;"0";"0";"0";NULL;"0";NULL;"0";;"2017-08-16 07:37:44";NULL;NULL;NULL;"ممنون.مرسی";NULL;NULL;"@";"تحصیل";NULL;"منظورتون این کتابه؟ 

https://www.adinehbook.com/gp/product/9641570349"
"389";"C";"360";"27";"27";NULL;NULL;"0";"0";NULL;NULL;"7";NULL;"2956500488";NULL;NULL;"0";"0";"0";NULL;"0";NULL;"0";;"2017-08-16 10:46:25";NULL;NULL;NULL;"خب اگه واقعا چنین شرایطی برای آمریکا باشه، به نظر من کشورهای دیگه، گزینه های چندان جذابی برا ادامه تحصیل، نخواهند بود.";NULL;NULL;"@";"تحصیل";NULL;"سلام. پذیرش که میشه حتی بسته به رزومه و دانشگاه مقصد، شاید ساپورت مالی هم بشه."
"431";"C";"360";"27";"27";NULL;NULL;"0";"0";NULL;NULL;"93";NULL;"3168247988";NULL;NULL;"0";"0";"0";NULL;"0";NULL;"0";;"2017-08-23 10:04:22";NULL;NULL;NULL;"پذیرش که امکان پذیره. اما هزینه های تحصیل و زندگی بالاست. بورس گرفتن هم نیازمند رزومه قوی با تافل و GRE بالا و مقالات معتبر هست.";NULL;NULL;NULL;"تحصیل";NULL;"سلام. پذیرش که میشه حتی بسته به رزومه و دانشگاه مقصد، شاید ساپورت مالی هم بشه."
"430";"C";"372";"27";"27";NULL;NULL;"0";"0";NULL;NULL;"93";NULL;"3168247988";NULL;NULL;"0";"0";"0";NULL;"0";NULL;"0";;"2017-08-23 10:04:24";NULL;NULL;NULL;"وقتی شما برگشتی مهم نیست. مهم اینه که وقتی رفتی در لیست تایید قرار داشته باشند.";NULL;NULL;NULL;"تحصیل";NULL;"جواب کامل سئوال رو نمیدونم. اما در مورد ارزشیابی، بستگی به دانشگاه داره. لیست دانشگاههای مورد قبول باید در سایت وزارت علوم باشه. البته بهتره اونهایی که خیلی لب مرز قرار دارند رو انتخاب نکنی چون ممکنه چند سال بعد که برگشتی از لیست قبولی خارج بشن."
"473";"C";"375";"27";"27";NULL;NULL;"0";"0";NULL;NULL;"101";NULL;"99317142";NULL;NULL;"0";"0";"0";NULL;"0";NULL;"0";;"2017-08-23 15:59:05";NULL;NULL;NULL;"برا مهندسی نرم افزار بله ولی برا گرایش سخت افزار فرصت های شغلی خوبی اصا موجود نیس و تقریبا خیلی تعریف نشده تو سراسر ایران . به طور محدود تو شهرهای بزرگ صاحب شغلن وگرنه اکثرا مجبورن وارد شغلهای غیرمرتبط با گرایششون بشن";NULL;NULL;NULL;"تحصیل";NULL;"سلام. بازار گار خیلی خوبه مخصوصا برای کسی که کار خوب بلد باشه.

الان یک برنامه نویس (حتی ممکنه دانشجوی کارشناسی باشه)، ماهی 1 تا 6 تومان -بسته به تجربه- در آمد داره. بیشتر هم ممکنه."
"474";"C";"379";"19";"19";NULL;NULL;"0";"0";NULL;NULL;"101";NULL;"99317142";NULL;NULL;"0";"0";"0";NULL;"0";NULL;"0";;"2017-08-23 16:03:18";NULL;NULL;NULL;"من خودم عضوشم اما اصا در جریان نیستم که کارکردش چجوریاس و چه آپشنایی داره صرفا فقط اسمم هست بین دوستام هم کمتر کسی عضوشه که آدم آشنا بشه که مفیده یا نیس؟";NULL;NULL;NULL;"کامپیوتر و موبایل";NULL;"ببخشید شاید این سئوال رو خیلی دیر دارم جواب میدم ولی الان در ایران هم نسبتا معروف هست. البته به اندازه خارج در استخدام استفاده نمیشه اما بعضی ها هم ازش به این منظور در داخل استفاده میکنند."
"504";"C";"409";"19";"19";NULL;NULL;"0";"0";NULL;NULL;"96";NULL;"3227463617";NULL;NULL;"0";"0";"0";NULL;"0";NULL;"0";;"2017-08-23 20:55:44";NULL;NULL;NULL;"فکر کنم محدودیت داره! یعنی شماره حساب مسترکارت یا ویزاکارت میخواد که اغلب نداریم همچین چیزی رو :(";NULL;NULL;NULL;"کامپیوتر و موبایل";"چطور میشه از api گوگل برای ترجمه خودکار استفاده کرد؟";"سلام

برای اینکه بطور اتوماتیک متنی رو ترجمه کنیم چطور میشه از api مربوط به google translate استفاده کرد؟

ضمنا آیا مشکل تحریم توسط گوگل وجود داره یا نه؟

مرسی."
"559";"C";"525";"22";"22";NULL;NULL;"0";"0";NULL;NULL;"101";NULL;"99317992";NULL;NULL;"0";"0";"0";NULL;"0";NULL;"0";;"2017-08-24 13:46:20";NULL;NULL;NULL;"از این دید هم تبعیض محسوب میشه..... اول زن رو میشد خلق کنه خب بره بررسی";NULL;NULL;NULL;"مذهبی";NULL;"خوب اول جنس مذکر رو خدا آفرید تا جنس مذکر شرایط را بررسی کنه اگه اوضاع مناسب بود و خطری نبودش بعد جنس مونث رو خلق کند. از این دید هم میشه بهش نگاه کرد :)"
"575";"C";"526";"35";"35";NULL;NULL;"0";"0";NULL;NULL;"104";NULL;"1543212846";NULL;NULL;"0";"0";"0";NULL;"0";NULL;"0";;"2017-08-24 14:57:10";NULL;NULL;NULL;"گیاه خوار یا گوشتخوار؟";NULL;NULL;NULL;"حیوانات";"ماهی برای اکواریوم خانگی";"چه ماهی زینتی با عمر بالا برای اکواریوم اب شیرین مناسبه؟"
"578";"C";"526";"35";"35";NULL;NULL;"0";"0";NULL;NULL;"99";NULL;"1503990301";NULL;NULL;"0";"0";"0";NULL;"0";NULL;"0";;"2017-08-24 16:01:09";NULL;NULL;NULL;"بیشتر گیاه خوار مد نظرمه";NULL;NULL;"@";"حیوانات";"ماهی برای اکواریوم خانگی";"چه ماهی زینتی با عمر بالا برای اکواریوم اب شیرین مناسبه؟"
"682";"C";"681";"42";"42";NULL;NULL;"0";"0";NULL;NULL;"101";NULL;"99297412";NULL;NULL;"0";"0";"0";NULL;"0";NULL;"0";;"2017-08-25 18:23:12";NULL;NULL;NULL;"اما اگه با انسان مقایسه ش کنیم اول نباید مرغ بوده باشه؟";NULL;NULL;NULL;"علمی";NULL;"به نظر من عاقلانه تر اینه که اول تخم مرغ بوده با باشه تا مرغ ."
"683";"C";"681";"42";"42";NULL;NULL;"0";"0";NULL;NULL;"92";NULL;"91254260";NULL;NULL;"0";"0";"0";NULL;"0";NULL;"0";;"2017-08-25 18:25:23";NULL;NULL;NULL;"به نطر من نه چون نحوه تولید مثل مرغ با انسان متفاوته .";NULL;NULL;"@";"علمی";NULL;"به نظر من عاقلانه تر اینه که اول تخم مرغ بوده با باشه تا مرغ ."
"696";"C";"692";"35";"35";NULL;NULL;"0";"0";NULL;NULL;"96";NULL;"97766331";NULL;NULL;"0";"0";"0";NULL;"0";NULL;"0";;"2017-08-25 20:01:21";NULL;NULL;NULL;"متشکرم از پاسختون، سعی کنید علاوه بر لینک توضیحی بدید تا در صورتی که لینک خراب شد یا مشکلی برایش پیش آمد جواب شما بدون لینک هم برای دیگران بتونه مفید باشه";NULL;NULL;NULL;"حیوانات";NULL;"<p>اطلاعات این سایت هم میتونه بهتون کمک کنه</p><p><a rel=""nofollow"" href=""http://www.onlypet.ir/post-1259/%D9%84%DB%8C%D8%B3%D8%AA-%D9%85%D8%A7%D9%87%DB%8C%D8%A7%D9%86-%D8%A2%D8%A8-%D8%B4%DB%8C%D8%B1%DB%8C%D9%86-%D8%A8%D9%87-%D9%87%D9%85%D8%B1%D8%A7%D9%87-%D8%AA%D9%88%D8%B6%DB%8C%D8%AD%D8%A7%D8%AA-%D9%88/"">http://www.onlypet.ir/post-1259/%D9%84%DB%8C%D8%B3%D8%AA-%D9%85%D8%A7%D9%87%DB%8C%D8%A7%D9%86-%D8%A2%D8%A8-%D8%B4%DB%8C%D8%B1%DB%8C%D9%86-%D8%A8%D9%87-%D9%87%D9%85%D8%B1%D8%A7%D9%87-%D8%AA%D9%88%D8%B6%DB%8C%D8%AD%D8%A7%D8%AA-%D9%88/</a></p>"
"711";"C";"664";"33";"33";NULL;NULL;"0";"0";NULL;NULL;"103";NULL;"2549215854";NULL;NULL;"0";"0";"0";NULL;"0";NULL;"0";;"2017-08-26 01:24:30";NULL;NULL;NULL;"اگر در کنارشون ارزیابی و تحلیل الگوها انجام بشه،بله
میتونه شیوه مناسبی باشه
ولی یادگیری ارزیابی ها و بررسی ها در اینجا مقوله مهم تری بشمار میرن چرا که تقلید اگر بدون ارزیابی رخ بده در نقطه ای افراد رو با حالاتی مواجه میکنه که انگار از خودشون هیچ چیزی در ""خود"" شون نمیبینن";NULL;NULL;NULL;"رابطه";NULL;"سلام 
به نظر من از طریق الگو برداری و تقلید می تواند یادگیری ایجاد شود."
"741";"C";"720";"38";"38";NULL;NULL;"0";"0";NULL;NULL;"101";NULL;"99323602";NULL;NULL;"0";"0";"0";NULL;"0";NULL;"0";;"2017-08-26 11:46:42";NULL;NULL;NULL;"بیشتر منظورم تاثیرات اخلاقی و فرهنگیه که برنامه سعی در ترویجشون داره";NULL;NULL;NULL;"سرگرمی";NULL;"آره به نظرم تأثیرات خوبی از خودش به جا گذاشته.

 خود من بعضی وقتها پیش اومده که مهمان داشتیم، بعد از شام برای سرگرمی و فان، ادابازی کردیم که اتفاقا خیلی هم بازخورد خوبی گرفتم."
"744";"C";"681";"42";"42";NULL;NULL;"0";"0";NULL;NULL;"101";NULL;"99323602";NULL;NULL;"0";"0";"0";NULL;"0";NULL;"0";;"2017-08-26 12:16:57";NULL;NULL;NULL;"آره شاید ولی خب کلیت ماجرا یکیه";NULL;NULL;NULL;"علمی";NULL;"به نظر من عاقلانه تر اینه که اول تخم مرغ بوده با باشه تا مرغ ."
"815";"C";"814";"38";"38";NULL;NULL;"0";"0";NULL;NULL;"101";NULL;"99316520";NULL;NULL;"0";"0";"0";NULL;"0";NULL;"0";;"2017-08-27 21:02:41";NULL;NULL;NULL;"منظورم دقیقا از همین نظر بود  ممنون";NULL;NULL;NULL;"سرگرمی";NULL;"سوالتون یک مقدار سلیقه ای هستش
اما از نظر جوایز و سوابق کاری بخوایم بررسی کنیم
نوید محمدزاده و پیمان معادی و شهاب حسینی بهترین های مرد
لیلا حاتمی بهترین بازیگر زن می باشد"
"816";"C";"804";"27";"27";NULL;NULL;"0";"0";NULL;NULL;"101";NULL;"99316520";NULL;NULL;"0";"0";"0";NULL;"0";NULL;"0";;"2017-08-27 21:08:04";NULL;NULL;NULL;"خب لابلای دروس آزمایشگاهی و عملی به مباحث مورد نیاز تئوری هم پرداخته میشه اینکه صرفا فقط درس تئوری رو مجبور باشیم بخونیم خیلی به درد بخور نیس به نظرم";NULL;NULL;NULL;"تحصیل";NULL;"یکسری از دروس توی دوره‌ی کارشناسی پایه هستن و لازمه افراد دانش تئوری در اون سطح رو داشته باشند که به نظرم نمیشه حذفشون کرد٬ ولی میشه برای هر کدوم از درسا پروژهای عملی خوب و کاربردی تعریف کرد تا افراد مجبور باشن در کنار تئوری مهارت‌های عملیشون هم بالا ببرن. و یه مساله دیگه هم که خیلی مهمه اینه که باید ارتباط صنعت با دانشگاه ایجاد شه و از پایان‌نامه‌ها و پروژه‌های دانشجوها حمایت شه و در عمل به کار گرفته شه."
"822";"C";"818";"19";"19";NULL;NULL;"0";"0";NULL;NULL;"101";NULL;"99316520";NULL;NULL;"0";"0";"0";NULL;"0";NULL;"0";;"2017-08-28 00:49:02";NULL;NULL;NULL;"سپاس از شما دوست عزیز";NULL;NULL;NULL;"کامپیوتر و موبایل";NULL;"این گوشی حدود 1،200 تومن هست.در سایت بامیلو هم گذاشته .میتونید خرید کنید."
"833";"C";"768";"18";"18";NULL;NULL;"0";"0";NULL;NULL;"87";NULL;"2956500488";NULL;NULL;"0";"0";"0";NULL;"0";NULL;"0";;"2017-08-28 07:57:40";NULL;NULL;NULL;"به نظر من، راه حل مشخصی که جوانب مسأله رو پوشش بده، نداره. 
به نظر میرسه در بلندمدت (چند نسل بعد) فرهنگ ما دستخوش تغییراتی خواهد شد که این مشکل رو حل کنه.";NULL;NULL;"@";"سلامت";NULL;"بهتره اگه امکانش هست خانوادشون کمکشون کنن تا بتونن ازدواج کنن و خودشونم زودتر سرکار برن و مدت نامزدیشون یخورده طولانی باشه تا شرایط فراهم بشه. با در نظر گرفتن فرهنگ ما راه دیگری به نظر ممکن نمیاد."
"842";"C";"824";"38";"38";NULL;NULL;"0";"0";NULL;NULL;"101";NULL;"99316902";NULL;NULL;"0";"0";"0";NULL;"0";NULL;"0";;"2017-08-28 11:39:58";NULL;NULL;NULL;"ممنون از شما دوست عزیز";NULL;NULL;NULL;"سرگرمی";NULL;"ابي(باتو)

شادمهر(حس خوبيه)

منصور(قرارمون يادت نره)(عزيزدلمي)

احسان خواجه اميري(سلام آخر)(ميوه ممنوعه)

محسن يگانه(بهت قول ميدم)

.

.

اين ليست ميتونه خيلي بيشتر باشه"
"843";"C";"834";"38";"38";NULL;NULL;"0";"0";NULL;NULL;"101";NULL;"99316902";NULL;NULL;"0";"0";"0";NULL;"0";NULL;"0";;"2017-08-28 11:40:18";NULL;NULL;NULL;"ممنون از شما دوست عزیز";NULL;NULL;NULL;"سرگرمی";NULL;"<p>بهترین چیزایی که گوش&nbsp;گوش دادم و الان یادمه :</p><ul><li><a rel=""nofollow"" href=""http://www.aparat.com/v/dRXoH/%D9%85%D9%88%D8%B2%DB%8C%DA%A9_%D9%81%D8%B1%D8%A7%D9%86%D8%B3%D9%88%DB%8C"">Zaz - belle</a></li><li>JBM- Winter Ghost</li><li>کاظم بهمنی - خواب بعید (دکلمه)</li><li>رادیو چهرازی (دکلمه)</li><li>Anathema - parisienne moonlight</li><li>Linking park- castle of glass</li><li>Linking park- Burning in the skies</li></ul>"
"844";"C";"823";"38";"38";NULL;NULL;"0";"0";NULL;NULL;"101";NULL;"99316902";NULL;NULL;"0";"0";"0";NULL;"0";NULL;"0";;"2017-08-28 11:41:22";NULL;NULL;NULL;"ممنون از شما دوست عزیز";NULL;NULL;NULL;"سرگرمی";NULL;"هيچوقت بهترين يا بدترين وجود نداره چون خوبي و بدي كيفي بوده و شخصي ست اما به نظر من آقاي شهاب حسيني امروزه از شهرت زيادي برخوردار هستند شايد بخاطر تفاوت در نقش هايي كه بازي ميكنند .بين خانم ها هم خانم باران كوثري يا ترانه عليدوستي شايد بخاطر چند بازي قوي كه داشتند"
"851";"C";"836";"41";"41";NULL;NULL;"0";"0";NULL;NULL;"89";NULL;"3269553379";NULL;NULL;"0";"0";"0";NULL;"0";NULL;"0";;"2017-08-28 15:37:43";NULL;NULL;NULL;"منظورتون سیستمهای کامپیوتری (information system) است؟";NULL;NULL;NULL;"سیاست";"سیاست های اطلاعاتی برون مرزی ایران";"فعالیت های برون مرزی سیستم اطلاعاتی چیست؟ تا چه میزان این فعالیت ها را مفید و کارآمد ارزیابی میکنید؟"
"876";"C";"790";"33";"33";NULL;NULL;"0";"0";NULL;NULL;"101";NULL;"99316902";NULL;NULL;"0";"0";"0";NULL;"0";NULL;"0";;"2017-08-28 18:42:41";NULL;NULL;NULL;"سپاس از پاسخ مناسبتون";NULL;NULL;NULL;"رابطه";NULL;"در درجه اول به نظرم پایین آوردن سطح توقع خانواده ها و خود جوون ها. که البته تا حدی نیازمند تغییر عرف جامعه و تحول فرهنگی هم هست ولی خانواده ها باید تک تک از خودشون شروع کنن. باید اعتماد به نفس جوون ها رو برای پذیرفتن مسئولیت یه زندگی افزایش داد و فک میکنم خانواده ها باید این کار رو در مقام اول انجام بدن و بعد از اون هم این وظیفه دولت و نهاد های فرهنگی و اجتماعیه.

همین تسریع امر ازدواج باعث پایین تر اومدن سن ازدواج میشه و ازطرفی هم باعث کم شدن توقع جوون ها از شغلشون که این خودش کاهش بیکاری رو به همراه میاره. و به تبع این خیلی از مشکلات اجتماعی و فرهنگی و حتی مشکلات تولید و اقتصاد هم درشون گشایش به وجود میاد."
"877";"C";"870";"33";"33";NULL;NULL;"0";"0";NULL;NULL;"101";NULL;"99316902";NULL;NULL;"0";"0";"0";NULL;"0";NULL;"0";;"2017-08-28 18:44:46";NULL;NULL;NULL;"بله دقیقا همینطوره ما از الگوهای اسلامی فقط اونایی رو که مورد پسند و باب میل و نفع خودمونه برمیداریم و به همشون عمل نمیکنیم و اینطوری اسلامم زیر سوال بردیم";NULL;NULL;NULL;"رابطه";NULL;"فرهنگ جامعه. اول باید برای مردم بخصوص والدین جا بیفته که بهتره سخت گیری کم بشه اما ازدواج در سن کمتر انجام بشه. متاسفانه فرهنگ ما خیلی مشکل داره. جالب اینکه فرهنگ ما اسلامی هم نیست چون در اسلام (اینطور که من شنیدم) امر ازدواج باید ساده گرفته بشه نه اینقدر سخت."
"926";"C";"922";"31";"31";NULL;NULL;"0";"0";NULL;NULL;"101";NULL;"99308135";NULL;NULL;"0";"0";"0";NULL;"0";NULL;"0";;"2017-08-29 13:12:13";NULL;NULL;NULL;"ممنون از پاسخ شما دوست عزیز";NULL;NULL;NULL;"زیبایی";NULL;"<p>دوست ندارند&nbsp;<img title=""laugh"" alt=""laugh"" src=""http://porsak.ir/qa-plugin/wysiwyg-editor/ckeditor/plugins/smiley/images/teeth_smile.png"" style=""height:23px; width:23px""><img title=""laugh"" alt=""laugh"" src=""http://porsak.ir/qa-plugin/wysiwyg-editor/ckeditor/plugins/smiley/images/teeth_smile.png"" style=""height:23px; width:23px"">&nbsp;دیگه به هر حال کاریه که از دستمون برمیاد&nbsp;</p><p>نه چون خانم ها زیاد حساسیت نشون میدن برا همین مثلا یه جوش و لک رو خیلی گنده میکنن ولی آقایون اینطور نیستن البته بعضی از مردا هم وسواس و حساسیت های خاصی دارند در کل چشم ما هم رسیدگی می کنیم&nbsp;<img title=""cheeky"" alt=""cheeky"" src=""http://porsak.ir/qa-plugin/wysiwyg-editor/ckeditor/plugins/smiley/images/tongue_smile.png"" style=""height:23px; width:23px""></p>"
"927";"C";"904";"31";"31";NULL;NULL;"0";"0";NULL;NULL;"101";NULL;"99308135";NULL;NULL;"0";"0";"0";NULL;"0";NULL;"0";;"2017-08-29 13:12:34";NULL;NULL;NULL;"سپاس از پاسخ شما دوست عزیز";NULL;NULL;NULL;"زیبایی";NULL;"آماری وجود ندارد که گفته باشه مشکلات پوستی در آقایان کمتر از خانم‌ها است شاید چون بحث زیبایی در مورد آقایان کمتر مطرحه اینجوری به نظر میاد و یک دلیلش هم ممکنه این باشه که استفاده زیاد از لوازم آرایشی نامناسب در خانم‌ها باعث مشکلات پوستی میشه که درمورد آقایون مطرح نیست. اما گفته میشه مراقبت از پوست برای مردان هم لازمه مثل شستشوی صورت و استفاده از کرم ضد آفتاب مناسب برای جلوگیری از سرطان پوست و مشکلات ناشی از آفتاب."
"1004";"C";"1003";"18";"18";NULL;NULL;"0";"0";NULL;NULL;"101";NULL;"45806416";NULL;NULL;"0";"0";"0";NULL;"0";NULL;"0";;"2017-08-31 14:42:43";NULL;NULL;NULL;"ممنون از پاسخ شما دوست عزیز";NULL;NULL;NULL;"سلامت";NULL;"اکترا سردرد ها در ایران به علت آلودگی هوا و کمبود آب بدن می باشد. برای . رفع آن نیاز است که به مقدار زیادی اب بنوشید و برای ۱ الی ۲ ساعت بخوابید. من معمولا به این صورت سر درد هام خوب می شه"
"1009";"C";"1006";"42";"42";NULL;NULL;"0";"0";NULL;NULL;"101";NULL;"45806416";NULL;NULL;"0";"0";"0";NULL;"0";NULL;"0";;"2017-08-31 15:04:25";NULL;NULL;NULL;"کاملا جامع و شامله منتها به شرطی که عمل کننده ای باشه مسئولین اگه یه تکونی بخورن وضع بهتر میشه";NULL;NULL;NULL;"علمی";NULL;"<p>علاوه بر راه کار های موجود در آمریکا ۶ روش برای مقابله با بی آبی پیشهناد شده است که بد نیست آن ها را نیز بدانیم</p><p style=""text-align:justify""><strong>روش اول: استفاده از انرژی خورشید برای تصفیه آب</strong></p><p style=""text-align:justify"">به تازگی دختر بچه‌های آمریکایی روشی را ابداع کرده‌اند که بر اساس آن با استفاده از اشعه ماورای بنفش انرژی خورشید می‌توان آب ناسالم را تصفیه کرد. دیپیکا دانش‌آموز 15 ساله وسیله‌ای را اختراع کرده است که می‌تواند با قرار گرفتن اکسید روی و دی‌اکسید تیتانیوم در معرض اشعه ماورای بنفش خورشید،آب آلوده را تمیز کند که این آب کاملاً قابل خوردن است.</p><p style=""text-align:justify""><strong>روش دوم: بررسی چکه‌های آب/یک سوم آب در لوله ها هدر می‌رود</strong></p><p style=""text-align:justify"">شرکت آلمانی آلبستادورک به تازگی از نرم‌افزاری استفاده می‌کند که در صورت چکه‌ کردن آب بلافاصله به بخش مرکز کنترل اعلام می‌کند، چکه‌ آب در حمام‌ها، دستشویی‌ها به عنوان تلف‌کننده‌های اصلی آب نام گرفته‌اند اما بزرگترین مشکل این است که بخش زیادی از این آب‌ها توسط لوله‌هایی که آب را از مبدأ به خانه‌ها منتقل می‌کنند هدر می‌رود.</p><p style=""text-align:justify"">این شرکت آلمانی معتقد است که حدود یک سوم آب‌ها در مسیر مبدأ تا رسیدن به منازل در لوله‌های آب هدر می‌رود. نرم‌افزار معروف به ""زونکن آلفا"" کمک می‌کند تا بخش زیادی از تلفات آب‌ها جلوگیری شود.</p><p style=""text-align:justify""><strong>روش سوم: استفاده از تمیزکننده‌های دی‌اکسیدکربن</strong>&nbsp;<strong>به جای آب</strong></p><p style=""text-align:justify"">آب در بسیاری از شرکت‌های صنعتی به عنوان خنک‌کننده یا تمیزکننده در سطح وسیعی استفاده می‌شود. هر دوی این فعالیت‌ منجر به تلف شدن بخش زیادی از آب می‌شود برای اینکه ذهنیتی درباره میزان تلف شدن آب از این طریق داشته باشید،‌یک کارخانه تولید ماشین 40 هزار گالن آب به این صورت تلف می‌‌کند و اگر تصور کنید که این میزان آب چقدر برای جامعه نیازمند به آب ضروری است ارزش آن مشخص خواهد شد. تکنولوژی که جدیداً اختراع شده است امکان اینکه دی‌اکسیدکربن به جای آب برای تمیز کردن و خنک کردن جایگزین شود وجود دارد که می‌توان از دی‌اکسیدکربن در سطح گسترده‌ای برای تمیز کردن و به عنوان خنک کردن در شرکت‌های بزرگ صنعتی استفاده کرد.</p><p style=""text-align:justify"">تمیزکننده‌های دی‌اکسیدکربن به شکل جامد مانند یخ استفاده می‌شود که می‌توان در شرکت‌های تولید هواپیمایی، خودرو، تأسیسات پزشکی استفاده کرد. موضوع جالب توجه این است که دی‌اکسیدکربنی که به این روش استفاده می‌شود از دی ‌اکسیدکربن سایر کارخانه‌ها گرفته شده است بنابراین استفاده از این روش نه تنها باعث تمیزکنندگی و جایگزین مناسب برای آب می‌شود بلکه از انتشار گازهای گلخانه‌ای نیز جلوگیری می‌‌شود به نوعی این روش دوستدار طبیعت است و با یک تیر دو نشان می‌زنیم.</p><p style=""text-align:justify""><strong>روش چهارم: استفاده از بطری‌های نجات دهنده زندگی</strong></p><p style=""text-align:justify"">زمانی که تسونومی در منطقه آسیا در چند سال گذشته اتفاق افتاد کامیون‌ها مجبور بودند برای آوردن آب‌ شرب به مکان‌های دوری بروند چرا که آب سیلاب‌ها بسیار کثیف و ناسالم بود این مسئله مایکل ریچارد را مجبور کرد که یک بطری خاصی را اختراع کند این بطری می‌تواند بسیار سریع آب کثیف سیلاب را قابل شرب کند. در این روش آب از یک فیلتر&nbsp; 15نانومتری عبور داده می‌شود که بسیار سریع باکتری‌ها و ویروس‌ها را از بین می‌برد و آب را تمیز می‌کند و بعد از این بود که بسیاری از مردم که با مسئله آلودگی آب مواجه بودند از این روش استفاده کردند.</p><p style=""text-align:justify""><strong>روش پنجم: استفاده از حداقل آب در زمان دوش گرفتن</strong></p><p style=""text-align:justify"">در زمان دوش گرفتن، زمانی که منتظر رسیدن دمای آب به درجه حرارت مناسب هستیم، هدر می‌رود. ریچارد اکودتو وسیله‌ای را اختراع کرده است که در کمتر از 30 ثانیه درجه حرارت آب به میزان دلخواه می‌رسد در این روش از هدر رفتن میلیون‌ها لیتر آب جلوگیری خواهد شد.</p>"
"1021";"C";"1000";"19";"19";NULL;NULL;"0";"0";NULL;NULL;"96";NULL;"3227463617";NULL;NULL;"0";"0";"0";NULL;"0";NULL;"0";;"2017-08-31 18:49:57";NULL;NULL;NULL;"چه برنامه‌ای نصب کردید و چه خطایی میدهد؟ لطفا بیشتر توضیح دهید.";NULL;NULL;NULL;"کامپیوتر و موبایل";"مشکل نصب برنامه یSDK";"با سلام. من برنامه یSDKرا در کامپیوتر نصب کردم. اما وقتی به برنامه ی مورد نظر آدرسSDKرا می دهم میگه آدرس معتبر نیست.لطفا راهنمایی کنید."
"1024";"C";"1008";"42";"42";NULL;NULL;"0";"0";NULL;NULL;"114";NULL;"45806416";NULL;NULL;"0";"0";"0";NULL;"0";NULL;"0";;"2017-08-31 21:04:54";NULL;NULL;NULL;"این اسم ها رو چجوری میذارن؟";NULL;NULL;NULL;"علمی";NULL;"<p><span style=""font-size:14px""><span style=""font-family:arial,helvetica,sans-serif"">WASP-17b که سیاره گازی غول پیکر است و قطرش دو برابر مشتری</span></span></p><p><span style=""font-size:14px""><span style=""font-family:arial,helvetica,sans-serif""><span style=""color:rgb(0, 0, 0)"">BD + 20594b بزرگترین سیاره سنگی شناخته شده&nbsp;</span></span></span></p>"
"1057";"C";"1005";"41";"41";NULL;NULL;"0";"0";NULL;NULL;"106";NULL;"88741375";NULL;NULL;"0";"0";"0";NULL;"0";NULL;"0";;"2017-09-01 12:18:27";NULL;NULL;NULL;"البته بعضی از این ادعا های آقای یزدی هم حتی توسط جناح چپ کشور در حال حاضر رد میشه.";NULL;NULL;"@";"سیاست";NULL;"<p><span style=""font-family:arial,helvetica,sans-serif"">عضو شورای انقلاب، وزیر خارجه و معاون نخست‌وزیر در دولت موقت انقلاب، نماینده شهر تهران در مجلس اول و دبیرکل&nbsp;نهضت آزادی ایران&nbsp;بود. ابراهیم یزدی در دوران اقامت&nbsp;سید روح‌الله خمینی&nbsp;در&nbsp;نوفل‌لوشاتو،&nbsp;فرانسه&nbsp;از مشاوران او بود.&nbsp;<span style=""color:rgb(34, 34, 34)"">در بهمن ۱۳۵۷، ابراهیم یزدی به دستور روح‌الله خمینی به عضویت نهادی مخفی به نام&nbsp;</span>شورای انقلاب اسلامی ایران<span style=""color:rgb(34, 34, 34)"">&nbsp;درآمد</span></span></p><p><span style=""font-family:arial,helvetica,sans-serif""><span style=""color:rgb(34, 34, 34)"">ابراهیم یزدی، در جلد سوم کتاب خاطراتش، در صفحه ۷۳۷ در نامه‌ای به تاریخ ۲۴ بهمن ۱۳۶۹ خطاب به احمد خمینی نوشته: «شما خوب می‌دانید که «برنامهٔ سیاسی و اجرایی» آقای خمینی را من تنظیم کرده و ایشان تصحیح و تنقیح نمودند، که بعدها بر طبق آن شورای انقلاب و دولت موقت… تأسیس گردید. شما به کسی این اتهامات پوچ و بی اساس را زده‌اید که طراح و مؤسس سپاه پاسداران بوده‌است، طراح و مبتکر «روز قدس» بوده‌است، طراح اصلی و اولیه برخی دیگر از نهادهای انقلاب بوده‌است»</span></span></p><p><span style=""font-family:arial,helvetica,sans-serif""><span style=""color:rgb(34, 34, 34)"">ابراهیم یزدی، تا پیش از انقلاب ایران سال‌ها به همراه خانواده‌اش در آمریکا زندگی کرد و به شهروندی </span>ایلات متحده آمریکا<span style=""color:rgb(34, 34, 34)"">&nbsp;درآمد.</span><span style=""color:rgb(34, 34, 34)"">&nbsp;او پس از کنارگذاشته شدن از مناصب حکومتی، بارها به دلایل مختلف زندانی شد و آخرین بار از تاریخ ۹ مهر ۱۳۸۹ تا ۲۹ اسفند ۱۳۸۹ خورشیدی در زندان بود</span></span></p><p><span style=""font-family:arial,helvetica,sans-serif""><span style=""color:rgb(34, 34, 34)"">منبع: ویکی پدیا</span></span></p>"
"1077";"C";"135";"19";"19";NULL;NULL;"0";"0";NULL;NULL;"96";NULL;"3227463617";NULL;NULL;"0";"0";"0";NULL;"0";NULL;"0";;"2017-09-01 19:47:25";NULL;NULL;NULL;"با ۲.۵ لپتاب خیلی خوبی گیر نمیاد و ترجیحا یک کیس با این هزینه جمع کنید بهتر است.";NULL;NULL;NULL;"کامپیوتر و موبایل";"بهترین لپ تاپ تا 2.5 میلیون";"بهترین لپ تاپ تا 2.5 میلیون، کدام لپ تاپی است؟

تا حدودی اهل بازی و گیم هستم. سرعت اینترنت وای فای برام مهمه"
"1133";"C";"1128";"27";"27";NULL;NULL;"0";"0";NULL;NULL;"101";NULL;"99295880";NULL;NULL;"0";"0";"0";NULL;"0";NULL;"0";;"2017-09-02 16:00:22";NULL;NULL;NULL;"سپاس از پاسخ تون 
من بیشتر این مدنظرم بود که کلاس های کارگاهی و آزمایشگاهی بیشتر بشن چه بسا تو محیط های کاری آموزش داده بشن یعنی عین کلاس های سازمان فنی حرفه ای که دیگه برا داشتن مهارت فنی و مدرک فنی حرفه ای مجبور نباشیم بعد فارغ التحصیلی بریم اون کلاس و دوره ها رو بگذرونیم";NULL;NULL;NULL;"تحصیل";NULL;"سلام

چند نکته در این سئوال با هم آورده شده پش بهتر پاسخ رو (البته به نظر من) در چند بند جدا آورد:

1. باید دروس از رده خارج و همچنین دروس غیر مفید برای هر رشته حدف بشن

2. باید دروس کابردی مورد نیاز بازار اضافه/تقویت بشن

3. دروس تئوری مفید (بخصوص برای کشانی که قصد ادامه تحثیل دارند) باید در برنامه باقی بمونند.

 

این نکته هم بگم که بعضی از دروس (تئوری مفید) ممکنه به نظر بعضی ها از همون دروس به درد نخور باشند اما در واقع اینطور نیست چون بالاخره بعضی ها هم میخواهند ادامه تحصیل بدن."
"1134";"C";"1127";"22";"22";NULL;NULL;"0";"0";NULL;NULL;"101";NULL;"99295880";NULL;NULL;"0";"0";"0";NULL;"0";NULL;"0";;"2017-09-02 16:01:34";NULL;NULL;NULL;"چه فرضیه نادرستی هست تو سوال از نظر شما؟";NULL;NULL;NULL;"مذهبی";NULL;"سلام اول باید دید که آیا فرضیات در این سئوال کاملا صحیح است یا خیر و بعد به پاسخ فکر کرد."
"1219";"C";"182";"27";"27";NULL;NULL;"0";"0";NULL;NULL;"96";NULL;"3227463617";NULL;NULL;"0";"0";"0";NULL;"0";NULL;"0";;"2017-09-03 13:43:05";NULL;NULL;NULL;"هر مقاله ای که در گوگل اسکولار پیدا نکردید میتوانید به سایت sci-hub.io برید و دانلود کنید";NULL;NULL;NULL;"تحصیل";"گوگل اسکولار";"در مورد سرویس گوگل اسکولار آیا کسی اطلاع دارد؟

چرا فقط برخی مقالات را میشه از گوگل اسکولار دانلود کرد؟"
"1230";"C";"1105";"20";"20";NULL;NULL;"0";"0";NULL;NULL;"96";NULL;"89001579";NULL;NULL;"0";"0";"0";NULL;"0";NULL;"0";;"2017-09-04 01:03:27";NULL;NULL;NULL;"آیا این ثبت اختراع جهانی است؟ یا فقط برای ایران است؟";NULL;NULL;NULL;"حقوق و قانون";NULL;"<p><span style=""font-size:14px""><span style=""font-family:arial,helvetica,sans-serif""><span style=""color:rgb(0, 0, 0)"">برای ثبت اختراع باید به اداره کل ثبت شرکت ها و مالکیت صنعتی مراجعه کرد. دفتر امور رسیدگی به ثبت اختراع واقع در تهران، خیابان شهید بهشتی، خیابان قائم مقام فراهانی، نبش کوچه میزراحسنی، پلاک 222 است.</span></span></span></p><p><span style=""font-size:14px""><span style=""font-family:arial,helvetica,sans-serif""><span style=""color:rgb(0, 0, 0)"">مدارک مورد نیاز هم این موارد هستند:</span></span></span></p><p><span style=""font-size:14px""><span style=""font-family:arial,helvetica,sans-serif"">• اظهارنامه (3 نسخه):<br>شامل مشخصات مخترع و عنوان اختراع اوست. فرم ویژه اظهارنامه از اوراق بهادار است که در محل اداره ثبت اختراع به فروش می رسد.</span></span></p><p><span style=""font-size:14px""><span style=""font-family:arial,helvetica,sans-serif"">• ادعانامه (3 نسخه):<br>در آن نوشته می شود که اختراع با ارائه راه حل عملی چه مشکلی را حل می کند و چه مزایایی دارد و اطلاعاتی که میزان حمایت ناشی از حق ثبت را مشخص نماید. فرم ادعانامه کاغذ ساده ای است که نمونه کپی شده آن در همان محل اداره ثبت اختراع به فروش می رسد.</span></span></p><p><span style=""font-size:14px""><span style=""font-family:arial,helvetica,sans-serif"">• توصیف مشروح اختراع (3 نسخه):<br>اختراع مورد ادعای مخترع باید به طور کامل شرح داده و&nbsp;به صورت تایپ شده&nbsp;از قبل آماده شود. در شرح اختراع باید تمام جنبه های اختراع ادعایی به طور واضح بیان گردد. در تهیه شرح اختراع از کاغذهای A4 استفاده شود.</span></span></p><p><span style=""font-size:14px""><span style=""font-family:arial,helvetica,sans-serif"">• نقشه های اختراع در 3 نسخه: نقشه کامل اختراع باید با مرکب و از روی مقیاس متری تهیه و ذیل نقشه ها را متقاضی یا وکیل او امضاء نمایند. نقشه های اختراع باید روی کاغذ 34 سانتی متر طول و 22 سانتی متر عرض رسم گردند و فقط از یک روی کاغذ استفاده شود (کاغذ A4 نیز قابل قبول است).</span></span></p><p><span style=""font-size:14px""><span style=""font-family:arial,helvetica,sans-serif"">• فتوکپی شناسنامه مخترع یا مخترعین.</span></span></p><p><span style=""font-size:14px""><span style=""font-family:arial,helvetica,sans-serif"">• قبض رسید بانکی حق الثبت اظهارنامه تقاضای ثبت اختراع (که پس از انجام سایر مراحل باید واریز شود)</span></span></p><p><span style=""font-size:14px""><span style=""font-family:arial,helvetica,sans-serif"">منبع:&nbsp;</span></span>www.newdesign.ir</p>"
"1283";"C";"1277";"19";"19";NULL;NULL;"0";"0";NULL;NULL;"96";NULL;"1533260531";NULL;NULL;"0";"0";"0";NULL;"0";NULL;"0";;"2017-09-05 10:23:52";NULL;NULL;NULL;"با عرض سلام،‌ شما فرموده بودید ""این گفی چیه؟ میشه توضیح بدید راجع به اش؟..."" اگر راجع یک سوال اطلاعات بیشتری میخواهید باید به صورت کامنت برروی پرسش مربوطه بپرسید نه به پاسخ مجزا اطلاعات بیشتری کسب کنید به همین خاطر پاسخ شما مخفی شد.";NULL;NULL;NULL;"کامپیوتر و موبایل";NULL;"سلام ، ببخشید میتونم بپرسم که به چه علت جواب من مخفی شده ؟؟؟  دلیلش رو بگید لطفا  ممنون ............"
"1293";"C";"419";"34";"34";NULL;NULL;"0";"0";NULL;NULL;"104";NULL;"1533260531";"104";"1533260531";"0";"0";"0";NULL;"0";NULL;"0";;"2017-09-05 17:19:23";"2017-09-05 17:21:37";"E";NULL;"شاید این وبلاگ بتونه کمکتون کنه اطلاعاتی کسب کنید: http://badmintoniran.persianblog.ir/page/tournment
و وبسایت رسمی بدمینتون ایران بتونه کمکتون کنه: http://badmintoniran.com/";NULL;NULL;NULL;"ورزشی";"چه مسابقاتی برای بدمینتون هست؟";"چه مسابقات بدمینتونی برای سنین سیزده ساله ها در سطح استانی و سایر هست؟"
"1338";"C";"1012";"23";"23";NULL;NULL;"0";"0";NULL;NULL;"106";NULL;"3562016194";NULL;NULL;"0";"0";"0";NULL;"0";NULL;"0";;"2017-09-06 12:02:09";NULL;NULL;NULL;"منظورتون ازین انیمیشن های خمیریه یا نوع دیگه؟";NULL;NULL;"@";"فنی";"ساختن انیمیشن با روش عکس گرفتن";"چه راهکار هایی سبب سهولت در ساخت انیمیشن با روش عکس گرفتن می شود؟

آیا با دوربین موبایل هم میشه اینکار را کرد؟

چه کار کنیم تا صفحه یا کاراکتر انیمیشن حرکت اضافه نکند؟

لطفا راهنمایی کنید."
"1349";"C";"1342";"27";"27";NULL;NULL;"0";"0";NULL;NULL;"96";NULL;"3562016678";NULL;NULL;"0";"0";"0";NULL;"0";NULL;"0";;"2017-09-06 18:26:41";NULL;NULL;NULL;"تقریبا اکثر کشورهای اروپایی همچین چیزهایی رو دارن که تو پیج دانشگاها میتونید پیداش کنید مثلا دانشگاه آمستردام یا دلفت تو قسمت اسکوراشیپ هاش برید همچین مواردی رو میتونید به راحتی پیدا کنید";NULL;NULL;NULL;"تحصیل";"موسساتی که در اروپا برای تحصیل بورسیه میکنند";"من قبلا شنیده بودم DAAD هست که بعضاً میشه ازش برای هزینه های تحصیل و زندگی تو آلمان فاندگرفت. کسی همچین موسسه ای میشناسه تو کشور های دیگه اروپایی؟"
"1368";"C";"1000";"19";"19";NULL;NULL;"0";"0";NULL;NULL;"90";NULL;"99433323";NULL;NULL;"0";"0";"0";NULL;"0";NULL;"0";;"2017-09-07 18:02:19";NULL;NULL;NULL;"سلام.برنامه گیم میکر استادیو را نصب کردم . و می گه که در آدرس برنامه SDK نیست.";NULL;NULL;"@";"کامپیوتر و موبایل";"مشکل نصب برنامه یSDK";"با سلام. من برنامه یSDKرا در کامپیوتر نصب کردم. اما وقتی به برنامه ی مورد نظر آدرسSDKرا می دهم میگه آدرس معتبر نیست.لطفا راهنمایی کنید."
"1560";"C";"1557";"37";"37";NULL;NULL;"0";"0";NULL;NULL;"96";NULL;"3227463617";NULL;NULL;"0";"0";"0";NULL;"0";NULL;"0";;"2017-09-24 20:00:08";NULL;NULL;NULL;"منظورتون از نسخه پرتال چیه؟ منظورتون IDE که پرتال باشد؟";NULL;NULL;NULL;"برنامه‌نویسی";"نسخه پورتابل برای زبان سی";"امکان داره چند نسخه پورتابل برای برنامه نویسی به زبان سی معرفی کنید؟ و این که کدوم رو خودتون بیشتر توصیه می کنید؟"
"1619";"C";"1617";"7";"7";NULL;NULL;"0";"0";NULL;NULL;"126";NULL;"3227463617";NULL;NULL;"0";"0";"0";NULL;"0";NULL;"0";;"2017-10-15 08:49:42";NULL;NULL;NULL;"میشه بیشتر توضیح بدید سوالتون واضح نیست؟";NULL;NULL;NULL;"سایر";"جداسازی برچسب‌ها در پرسک";"چرا برای جداسازی برچست‌ها در پرسک باید از - به جای _ استفاده بشه؟"
"1626";"C";"1617";"7";"7";NULL;NULL;"0";"0";NULL;NULL;"88";NULL;"3562015971";NULL;NULL;"0";"0";"0";NULL;"0";NULL;"0";;"2017-10-15 14:13:44";NULL;NULL;NULL;"البته من هیچکدوم رو استفاده نمیکنم و فقط کاما انگلیسی ( , ) رو میذارم و کار میکرده.";NULL;NULL;NULL;"سایر";"جداسازی برچسب‌ها در پرسک";"چرا برای جداسازی برچست‌ها در پرسک باید از - به جای _ استفاده بشه؟"
"1638";"C";"1637";"36";"36";NULL;NULL;"0";"0";NULL;NULL;"130";NULL;"3562016256";NULL;NULL;"0";"0";"0";NULL;"0";NULL;"0";;"2017-10-15 16:01:45";NULL;NULL;NULL;"علت طرح این سوال نمایش دادن مشکل سیستم (حداقل ۵۰ کاراکتر در صورت سوال) است";NULL;NULL;"@";"زبان";"معنی کلمه Proposal‌ چیست؟";"معنی کلمه Proposal‌ چیست؟

معنی کلمه Proposal‌ چیست؟

معنی کلمه Proposal‌ چیست؟

معنی کلمه Proposal‌ چیست؟

معنی کلمه Proposal‌ چیست؟

معنی کلمه Proposal‌ چیست؟

معنی کلمه Proposal‌ چیست؟"
"1647";"C";"1557";"37";"37";NULL;NULL;"0";"0";NULL;NULL;"118";NULL;"91679927";NULL;NULL;"0";"0";"0";NULL;"0";NULL;"0";;"2017-10-16 02:54:05";NULL;NULL;NULL;"بله دقیقا منظورم IDE بوده، 
الان من دارم از DEVCPP استفاده می کنم که فوق العاده نرم افزار مزخرفی ه به نظرم اصلا برای دیباگ کردن به درد نمی خوره 
اگه بتونید چیزی بگید که دیباگ کردن باهاش بهتر باشه ممنون میشم";NULL;NULL;"@";"برنامه‌نویسی";"نسخه پورتابل برای زبان سی";"امکان داره چند نسخه پورتابل برای برنامه نویسی به زبان سی معرفی کنید؟ و این که کدوم رو خودتون بیشتر توصیه می کنید؟"
"1648";"C";"1637";"36";"36";NULL;NULL;"0";"0";NULL;NULL;"96";NULL;"3227463617";"96";"3227463617";"0";"0";"0";NULL;"0";NULL;"0";;"2017-10-16 09:37:15";"2017-10-16 09:37:37";"E";NULL;"با تشکر از توجه شما. این مساله در بسیاری از سایتهای پرسش و پاسخ مطرح (مثل استک اور فلو وجود دارد و به غنی شدن هرچه بیشتر سایت کمک میکند). با این وجود از نظر ارزشمند شما بسیار متشکریم.";NULL;NULL;NULL;"زبان";"معنی کلمه Proposal‌ چیست؟";"معنی کلمه Proposal‌ چیست؟

معنی کلمه Proposal‌ چیست؟

معنی کلمه Proposal‌ چیست؟

معنی کلمه Proposal‌ چیست؟

معنی کلمه Proposal‌ چیست؟

معنی کلمه Proposal‌ چیست؟

معنی کلمه Proposal‌ چیست؟"
"1657";"C";"1637";"36";"36";NULL;NULL;"0";"0";NULL;NULL;"101";NULL;"3164520574";NULL;NULL;"0";"0";"0";NULL;"0";NULL;"0";;"2017-10-17 11:07:18";NULL;NULL;NULL;"در نوشتن عنوان سوال هم خطاي كاراكتر بعضا اذيت ميكنه كاش اين محدوديت ها را برداريد";NULL;NULL;NULL;"زبان";"معنی کلمه Proposal‌ چیست؟";"معنی کلمه Proposal‌ چیست؟

معنی کلمه Proposal‌ چیست؟

معنی کلمه Proposal‌ چیست؟

معنی کلمه Proposal‌ چیست؟

معنی کلمه Proposal‌ چیست؟

معنی کلمه Proposal‌ چیست؟

معنی کلمه Proposal‌ چیست؟"
"1660";"C";"1603";"23";"23";NULL;NULL;"0";"0";NULL;NULL;"114";NULL;"99322273";"114";"99322273";"0";"0";"0";NULL;"0";NULL;"0";;"2017-10-17 15:21:56";"2017-10-17 15:23:14";"E";NULL;"دوربین مداربسته برند BOSCH 
دوربینهای بوش آلمان بالاترین دوربینهای جهان هستند و هیچ برند و مدلی در جهان در سطح آن قرار نمیگیرد.به لحاظ قیمتی فوق العاده گرانقیمت هستند و فقط کارخانه های بزرگ توان خرید آن را دارند.
دوربین HONEYWELL این هم بسیار گران و کیفیت خوب محصول آمریکا
دوربین مداربسته برند PANASONIC 
برند دوربینهای پاناسونیک از بهترینهای بازار هستند. البته قیمت بالای آن را هم نباید فراموش کرد هرچند این کمپانی با طراحی چند مدل نسبتا ارزان قیمت این خلا را در بازار تاحدودی برطرف کرده اما همچنان کمیاب هستند.
دوربین مداربسته برند رستر RASTER :
 دوربینهای اصلی کمپانی رستر دارای کیفیت بالایی هستند دوربینهای رستر موجود در ایران دارای نمونه های تقلبی بسیاری هستند.از جمله نشانه های رسترهای تقلبی میتوان به کارتن یکدست آبی رنگ(سورمه ای) و در گوشه ی آن نوشته شده رستر. این مدل بدون شک تقلبی است.اما از باکیفیت بودن نمونه های اصلی آن نمیتوان غافل شد. و قیمت مناسبی نیز دارند.
دوربین مداربسته برند HIKVISION 
 دوربین هایک ویژن با تمامی مدلهای چینی فرق داره.دوربین هایک ویژن دارای رزولیشن بسیار بالای است البته به هیچ وجه دوربینهای آنالوگ آنرا خریداری نکنید و فقط از دوربینهای آی پی آن استفاده کنید.
تمامی برندهای معتبر گارانتی دارند و اگر از نمایندگی ها خرید کنید خیالتان اسوده است .";NULL;NULL;NULL;"فنی";"بهترين مارك دوربين مدار بسته";"كدام مارك و برند دوربين مدار بسته را پيشنهاد مي كنيد؟ براساس عمر بيشتر و كيفيت بهتر و خدمات پس از فروش مناسب"
"1662";"C";"1655";"42";"42";NULL;NULL;"0";"0";NULL;NULL;"92";NULL;"91317562";NULL;NULL;"0";"0";"0";NULL;"0";NULL;"0";;"2017-10-17 19:52:03";NULL;NULL;NULL;"خیلی ممنون 
الان شما مثالی که زدید کاهش در ستون ها ( سندها) انجام شده٬ فکر کنم این کاهش در سطر ها ( لغات) هم میشه انجام بشه ؟";NULL;NULL;"@";"علمی";NULL;"<p>LSA یا LSI یک تکنیک در پردازش زبان طبیعی و بازیابی اطلاعات که هدف آن یافتن یک ارتباط معنایی بین سندها (داکیومنت) و کلماتی که در این اسناد وجود دارند. LSA این فرض رو میگیره که کلمات مشابه در متن‌های مشابهی به کار میروند (مثلا کملات ورزش و فوتبال از نظر معنایی شبیه هم هستند بخاطر اینکه در موضوع ورزشی استفاده میشوند) و اصلاحا به این فرضیه <a rel=""nofollow"" href=""https://en.wikipedia.org/wiki/Distributional_semantics"">Distributanal Hypothesis</a> میگن.</p><p>نحوه ساختن LSA به این صورت است که ابتدا یک ماتریس [word*document] درست میکنیم که سطرهای آن لغات باشند و ستون آن اسناد و سلول این ماتریس تعداد دفعات تکرار آن کلمه در سند رو مشخص میکند. سپس با استفاده از کاهش بعد Singular Value Decomposition یا همون SVD میان ابعاد این ماتریس رو کاهش میدن. مثلا اگر ماتریس اولیه n*m بود (n تعداد کلمات و m تعداد اسناد) این ماتریس بعد از کاهش بعد به n*p میرسد که در این ماتریس p خیلی کوچکتر از m است.</p><p>اگر شما بین سطرهای این ماتریس جدید (در واقع بردارهای کلماتتون) شباهت کسینوسی بگیرید مشاهده میکنید که کلمات شبیه هم بردارهای شبیه هم خواهند داشت.</p><p>این روش با اینکه یک روش کلاسیک است ولی با این وجود کاربردهای بسیاری داره و به هیچ عنوان منسوخ شده نیست بلکه نحوه استفاده از اون در طی زمان تغییر کرده. در روشهای یادگیری ماشین اخیر اکثرا از این بردارها به عنوان فیچرهاشون استفاده میکنن و اگر مسابقات اخیر Kaggle رو ملاحضه کرده باشید میبینید که خیلی از تیم‌ها از این روش به عنوان یکی از فیچرهاشون استفاده کردند.</p>"
"1666";"C";"1655";"42";"42";NULL;NULL;"0";"0";NULL;NULL;"98";NULL;"89018891";NULL;NULL;"0";"0";"0";NULL;"0";NULL;"0";;"2017-10-17 23:15:54";NULL;NULL;NULL;"کاهش بعد در سمت لغات هم انجام می‌شه. کاربرد این کاهش بعد وقتی هست که بخواهیم سندها رو با بردار نمایش بدیم و شباهت میان سندها رو پیدا کنیم. با کاهش بعد در سمت کلمات به جای اشتراکات کلمات روابط مفهومی‌تر میان اسناد استخراج می‌شن";NULL;NULL;"@";"علمی";NULL;"<p>LSA یا LSI یک تکنیک در پردازش زبان طبیعی و بازیابی اطلاعات که هدف آن یافتن یک ارتباط معنایی بین سندها (داکیومنت) و کلماتی که در این اسناد وجود دارند. LSA این فرض رو میگیره که کلمات مشابه در متن‌های مشابهی به کار میروند (مثلا کملات ورزش و فوتبال از نظر معنایی شبیه هم هستند بخاطر اینکه در موضوع ورزشی استفاده میشوند) و اصلاحا به این فرضیه <a rel=""nofollow"" href=""https://en.wikipedia.org/wiki/Distributional_semantics"">Distributanal Hypothesis</a> میگن.</p><p>نحوه ساختن LSA به این صورت است که ابتدا یک ماتریس [word*document] درست میکنیم که سطرهای آن لغات باشند و ستون آن اسناد و سلول این ماتریس تعداد دفعات تکرار آن کلمه در سند رو مشخص میکند. سپس با استفاده از کاهش بعد Singular Value Decomposition یا همون SVD میان ابعاد این ماتریس رو کاهش میدن. مثلا اگر ماتریس اولیه n*m بود (n تعداد کلمات و m تعداد اسناد) این ماتریس بعد از کاهش بعد به n*p میرسد که در این ماتریس p خیلی کوچکتر از m است.</p><p>اگر شما بین سطرهای این ماتریس جدید (در واقع بردارهای کلماتتون) شباهت کسینوسی بگیرید مشاهده میکنید که کلمات شبیه هم بردارهای شبیه هم خواهند داشت.</p><p>این روش با اینکه یک روش کلاسیک است ولی با این وجود کاربردهای بسیاری داره و به هیچ عنوان منسوخ شده نیست بلکه نحوه استفاده از اون در طی زمان تغییر کرده. در روشهای یادگیری ماشین اخیر اکثرا از این بردارها به عنوان فیچرهاشون استفاده میکنن و اگر مسابقات اخیر Kaggle رو ملاحضه کرده باشید میبینید که خیلی از تیم‌ها از این روش به عنوان یکی از فیچرهاشون استفاده کردند.</p>"
"1704";"C";"1703";"37";"37";NULL;NULL;"0";"0";NULL;NULL;"104";NULL;"3227463617";NULL;NULL;"0";"0";"0";NULL;"0";NULL;"0";;"2017-10-24 10:33:16";NULL;NULL;NULL;"آموزش زیر رو ملاحضه کنید فکر کنم مشکلتون حل میشه
http://www.geeksforgeeks.org/greedy-algorithms-set-3-huffman-coding/";NULL;NULL;NULL;"برنامه‌نویسی";"نوشتن داده در فایل باینری در سی++";"برای برنامه کد هافمن داده های کد شده به صورت 0 و 1 تبدیل شدند

الان که ذخیره می شند تو فایل، به جای این که فشرده سازی شده باشند حجم فایل بیشتر از فایل اصلی میشه 

فکر می کنم به خاطر اینه که تو کد به صورت باینری ذخیره نمی شند

اگه فایل آموزشی خوبی سراغ دارید یا یه تیکه کد دارید که فایل باینری تعریف کرده باشه و داده باینری توش نوشته باشید ممنون میشم اطلاع بدهید"
"1705";"C";"1703";"37";"37";NULL;NULL;"0";"0";NULL;NULL;"118";NULL;"1546793549";"118";"1546793549";"0";"0";"0";NULL;"0";NULL;"0";;"2017-10-24 12:11:10";"2017-10-24 12:12:19";"E";NULL;"در مورد کد هافمن سوال نداشتم، آموزشی که شما فرستادید کد هافمن رو ایجاد می کنه و بعد چاپ می کنه
ذخیره کردن داده باینری در فایل باینری مورد سوال بود برام و دنبال یه آموزش در این مورد بودم";NULL;NULL;"@";"برنامه‌نویسی";"نوشتن داده در فایل باینری در سی++";"برای برنامه کد هافمن داده های کد شده به صورت 0 و 1 تبدیل شدند

الان که ذخیره می شند تو فایل، به جای این که فشرده سازی شده باشند حجم فایل بیشتر از فایل اصلی میشه 

فکر می کنم به خاطر اینه که تو کد به صورت باینری ذخیره نمی شند

اگه فایل آموزشی خوبی سراغ دارید یا یه تیکه کد دارید که فایل باینری تعریف کرده باشه و داده باینری توش نوشته باشید ممنون میشم اطلاع بدهید"
"1706";"C";"1703";"37";"37";NULL;NULL;"0";"0";NULL;NULL;"118";NULL;"1546793549";NULL;NULL;"0";"0";"0";NULL;"0";NULL;"0";;"2017-10-24 13:47:57";NULL;NULL;NULL;"بالاخره یکی پیدا شد که مشکل من رو داشته
https://stackoverflow.com/questions/6615877/problem-in-saving-huffman-code#";NULL;NULL;"@";"برنامه‌نویسی";"نوشتن داده در فایل باینری در سی++";"برای برنامه کد هافمن داده های کد شده به صورت 0 و 1 تبدیل شدند

الان که ذخیره می شند تو فایل، به جای این که فشرده سازی شده باشند حجم فایل بیشتر از فایل اصلی میشه 

فکر می کنم به خاطر اینه که تو کد به صورت باینری ذخیره نمی شند

اگه فایل آموزشی خوبی سراغ دارید یا یه تیکه کد دارید که فایل باینری تعریف کرده باشه و داده باینری توش نوشته باشید ممنون میشم اطلاع بدهید"
"1742";"C";"1735";"19";"19";NULL;NULL;"0";"0";NULL;NULL;"143";NULL;"99538442";NULL;NULL;"0";"0";"0";NULL;"0";NULL;"0";;"2017-10-27 14:44:31";NULL;NULL;NULL;"برای صفحه نمایش چی؟بعضی از صفحه نمایش ها چشم را اذیت میکنند 
چه صفحه نمایشی بهتره؟";NULL;NULL;"@";"کامپیوتر و موبایل";NULL;"به کارکردی که ازش نیاز دارید این که برا انجام کارهای روزمره و معمولی میخرید یا برا انجام کارهای تخصصی یا برای بازی؟

اگه بازی براتون مهمه باید CPU و گرافیکش بالا باشه

اگه مثلا برا انجام پروژه ها میخواید، CPU حتما باید CI7 باشه و رم ش هم بالا که سرعت کارتون زیاد باشه

برا کارهای معمولی CI3 ، رم 4 و هارد 500 و گرافیک 1 کاملا نیازهاتون رو براورده میکنه البته اگه فیلم و فایل اینا زیاد دارید میتونید یه هارد اکسترنال بگیرید که هزینه تون پایین بیاد و نیاز نباشه مثلا هارد 1 ترا بگیرید

ایسوس در حال حاضر خیلی راضی کننده س ولی لنوو هم در تلاشه برا رسیدن به ایسوس و لپتاپ های خوب و با کیفیتی تولید میکنه"
"1745";"C";"1735";"19";"19";NULL;NULL;"0";"0";NULL;NULL;"101";NULL;"99308170";NULL;NULL;"0";"0";"0";NULL;"0";NULL;"0";;"2017-10-28 20:00:43";NULL;NULL;NULL;"15 اینچ یا حتی 14 اینچی مناسبن، اگ بیشتر از 15 باشه خیلی لپتاپ سنگین میشه و کمتر از 14 اینچ هم فقط ب درد کسایی میخوره ک لپتاپ مینی مورد نیازشونه";NULL;NULL;NULL;"کامپیوتر و موبایل";NULL;"به کارکردی که ازش نیاز دارید این که برا انجام کارهای روزمره و معمولی میخرید یا برا انجام کارهای تخصصی یا برای بازی؟

اگه بازی براتون مهمه باید CPU و گرافیکش بالا باشه

اگه مثلا برا انجام پروژه ها میخواید، CPU حتما باید CI7 باشه و رم ش هم بالا که سرعت کارتون زیاد باشه

برا کارهای معمولی CI3 ، رم 4 و هارد 500 و گرافیک 1 کاملا نیازهاتون رو براورده میکنه البته اگه فیلم و فایل اینا زیاد دارید میتونید یه هارد اکسترنال بگیرید که هزینه تون پایین بیاد و نیاز نباشه مثلا هارد 1 ترا بگیرید

ایسوس در حال حاضر خیلی راضی کننده س ولی لنوو هم در تلاشه برا رسیدن به ایسوس و لپتاپ های خوب و با کیفیتی تولید میکنه"
"1749";"C";"1703";"37";"37";NULL;NULL;"0";"0";NULL;NULL;"118";NULL;"3269536972";"118";"3269536972";"0";"0";"0";NULL;"0";NULL;"0";;"2017-10-30 15:12:43";"2017-10-30 15:13:07";"E";NULL;"من یه فایل باینری تعریف کردم و بایت بایت تو فایل میریزم
void Huffman :: saveEncodedHuffmanStringToABinaryFile (string str, string resultFileName)
{
    ofstream myFile;
    myFile.open (resultFileName, ios::out | ios::binary);
    int length = 8;
    for (int i = 0; i < str.size() / length; i ++ )
    {      
        char* acc = new char [1];
        length = str.copy(acc, length, i);
        acc[length] = '\0';
        bitset<8> bitset3(acc);
        myFile << bitset3;
        myFile.flush();
    }
    myFile.close();
}
ولی باز همچنان برای هر بیت یه بایت در نظر میگیره و ذخیره می کنه
نمی دونم چکارش کنم بفهمه";NULL;NULL;"@";"برنامه‌نویسی";"نوشتن داده در فایل باینری در سی++";"برای برنامه کد هافمن داده های کد شده به صورت 0 و 1 تبدیل شدند

الان که ذخیره می شند تو فایل، به جای این که فشرده سازی شده باشند حجم فایل بیشتر از فایل اصلی میشه 

فکر می کنم به خاطر اینه که تو کد به صورت باینری ذخیره نمی شند

اگه فایل آموزشی خوبی سراغ دارید یا یه تیکه کد دارید که فایل باینری تعریف کرده باشه و داده باینری توش نوشته باشید ممنون میشم اطلاع بدهید"
"1752";"C";"1751";"19";"19";NULL;NULL;"0";"0";NULL;NULL;"149";NULL;"99542846";NULL;NULL;"0";"0";"0";NULL;"0";NULL;"0";;"2017-10-31 19:46:55";NULL;NULL;NULL;"tftاونقدرهاهم بد نیست من لپ تاپم tftعه اما بایکم جلوعقب کردن صفحه ،خوب میشه.....";NULL;NULL;"@";"کامپیوتر و موبایل";NULL;"<p><span style=""font-size:16px"">من خودم شنیدم میگن IPS &nbsp;بهتره.............اما چرا TFT زیاد خوب نیست ؟؟؟؟؟؟؟؟</span></p><p><span style=""font-size:16px"">ا</span><span style=""font-size:16px"">زIPS بهتر هم داریم؟؟؟؟؟؟؟؟؟</span></p>"
"1755";"C";"1754";"37";"37";NULL;NULL;"0";"0";NULL;NULL;"149";NULL;"99542846";NULL;NULL;"0";"0";"0";NULL;"0";NULL;"0";;"2017-10-31 20:16:55";NULL;NULL;NULL;"queraرو دیدم خیلی خوب بود..ممنون..چیز دیگه ای رو هم اگه میشناسیید میشه بگید؟!!!!!";NULL;NULL;"@";"برنامه‌نویسی";NULL;"<p><span style=""font-size:16px"">من خیلی نمیدونم اما شنیدم <span style=""color:rgb(255, 0, 0)"">quera.ir</span>خیلی خوبه.....هم مسابقه داره هم انواع برنامه از سخت تا آسون برای اینکه برنامه نویسیت بهتر بشه ب نظرم باید بیشتر سوال حل کنی</span></p>"
"1759";"C";"1751";"19";"19";NULL;NULL;"0";"0";NULL;NULL;"143";NULL;"45132843";NULL;NULL;"0";"0";"0";NULL;"0";NULL;"0";;"2017-11-02 14:17:27";NULL;NULL;NULL;"یعنی مشکلش فقط همینه...؟؟؟؟؟؟
خب پس اونقدر هاهم که شنیده بودم بد نیست 
ممنون";NULL;NULL;"@";"کامپیوتر و موبایل";NULL;"<p><span style=""font-size:16px"">من خودم شنیدم میگن IPS &nbsp;بهتره.............اما چرا TFT زیاد خوب نیست ؟؟؟؟؟؟؟؟</span></p><p><span style=""font-size:16px"">ا</span><span style=""font-size:16px"">زIPS بهتر هم داریم؟؟؟؟؟؟؟؟؟</span></p>"
"1764";"C";"1763";"18";"18";NULL;NULL;"0";"0";NULL;NULL;"155";NULL;"2549262640";NULL;NULL;"0";"0";"0";NULL;"0";NULL;"0";;"2017-11-02 20:11:07";NULL;NULL;NULL;"طیّب طیّب الله، احسنت بارک‌الله...";NULL;NULL;"@";"سلامت";NULL;"<p>مهم‌ترین نکته در خرید مسواک این است که هنگامی که به عنوان <a rel=""nofollow"" href=""https://fa.wikipedia.org/wiki/آلت_مصنوعی"">دیلدو</a>&nbsp;استفاده می‌شود، قطر و لرزندگی خوبی داشته باشد.</p><p>پس خانم‌های محترم این مساله را هنگام خرید مورد توجه قرار دهند.</p>"
"1765";"C";"1761";"19";"19";NULL;NULL;"0";"0";NULL;NULL;"143";NULL;"45132843";NULL;NULL;"0";"0";"0";NULL;"0";NULL;"0";;"2017-11-02 20:13:35";NULL;NULL;NULL;"ممنون................";NULL;NULL;"@";"کامپیوتر و موبایل";NULL;"ips ار tft بهتره در این شکی نیست اما خود tft هم انواع مختلفی داره که ساعث میشه کیفیت خود tft  ها هم متفاوت باشه

از هردوی اینا بهتر هم amoled هستش"
"1773";"C";"1771";"37";"37";NULL;NULL;"0";"0";NULL;NULL;"143";NULL;"45133076";NULL;NULL;"0";"0";"0";NULL;"0";NULL;"0";;"2017-11-04 22:01:30";NULL;NULL;NULL;"بعد واردشم میشه؟؟؟؟؟؟یا دستور دیگه ای می خواد؟";NULL;NULL;"@";"برنامه‌نویسی";NULL;"راه‌های مختلفی برای این کار وجود داره یکی از راه‌های ساده استفاده از دستور touch هست. این دستور رو در ترمینال بنویسید و بعد اسم فایلی که می‌خواهید ایجاد کنید رو تایپ کنید."
"1775";"C";"1771";"37";"37";NULL;NULL;"0";"0";NULL;NULL;"98";NULL;"3115776203";NULL;NULL;"0";"0";"0";NULL;"0";NULL;"0";;"2017-11-05 14:04:34";NULL;NULL;NULL;"خیر واردش نمی‌شه. یک دستور دیگه برای ایجاد فایل دستور vi هست. با این دستور همزمان که فایل ساخته می‌شه وارد فایل هم می‌شید.";NULL;NULL;"@";"برنامه‌نویسی";NULL;"راه‌های مختلفی برای این کار وجود داره یکی از راه‌های ساده استفاده از دستور touch هست. این دستور رو در ترمینال بنویسید و بعد اسم فایلی که می‌خواهید ایجاد کنید رو تایپ کنید."
"1787";"C";"1771";"37";"37";NULL;NULL;"0";"0";NULL;NULL;"143";NULL;"45133076";NULL;NULL;"0";"0";"0";NULL;"0";NULL;"0";;"2017-11-05 18:52:20";NULL;NULL;NULL;"ممنون.....................";NULL;NULL;"@";"برنامه‌نویسی";NULL;"راه‌های مختلفی برای این کار وجود داره یکی از راه‌های ساده استفاده از دستور touch هست. این دستور رو در ترمینال بنویسید و بعد اسم فایلی که می‌خواهید ایجاد کنید رو تایپ کنید."
"1793";"C";"1790";"37";"37";NULL;NULL;"0";"0";NULL;NULL;"143";NULL;"45133076";NULL;NULL;"0";"0";"0";NULL;"0";NULL;"0";;"2017-11-05 20:48:56";NULL;NULL;NULL;"ببخشید میشه یکم بیشتر توضیحش بدید خیلیاشونو متوجه نمیشم";NULL;NULL;"@";"برنامه‌نویسی";NULL;"<p>اگر به صورت بازگشتی برعکس عدد رو میخواهید&nbsp; (فرض کنیم عدد مورد نظرتون عدد صحیح است) ابتدا با تقسیم بر دههای متوالی (طول عدد رو به دست بیارید)​&nbsp;</p><p>مثلا عدد ورودی شما&nbsp;۱۰۲&nbsp;باشد طول آن ۳ میشود و تیکه کد زیر همین کار رو انجام میدهد.</p><blockquote><p>temp = num;</p><p>while (temp != 0) {</p><p>length++;</p><p>temp = temp / 10;</p><p>}</p></blockquote><p>بعد با استفاده از تابع بازگشتی زیر میتونید عدد رو به صورت برعکس به دست بیارید.<br>اگر طول تابع ۱ باشد که نیازی به برعکس کردن ندارد ولی ااگر طول آن بیشتر باشد ابتدا عدد یکان آن به دست میاید و به هزارگان برده میشود (در مثال بالا که عددمون ۱۰۲ بود ۲ بدست میاد و وقتی pow میرسه به توان ۲ میرسه و تبدیل میشه به ۲۰۰) و همینطوری برای مابقی اعداد این کار تکرار میشه.</p><p>&nbsp;</p><blockquote><p>int rev(int num, int len)<br>{<br>&nbsp; &nbsp; if (len == 1)<br>&nbsp; &nbsp; {<br>&nbsp; &nbsp; &nbsp; &nbsp; return num;<br>&nbsp; &nbsp; }<br>&nbsp; &nbsp; else<br>&nbsp; &nbsp; {<br>&nbsp; &nbsp; &nbsp; &nbsp; return (((num % 10) * pow(10, len - 1)) + rev(num / 10, --len));<br>&nbsp; &nbsp; }<br>}<br><br>&nbsp;</p></blockquote>"
"1796";"C";"1770";"19";"19";NULL;NULL;"0";"0";NULL;NULL;"96";NULL;"622589963";NULL;NULL;"0";"0";"0";NULL;"0";NULL;"0";;"2017-11-05 21:09:14";NULL;NULL;NULL;"قیمت مناسب یعنی چقدر؟ یک حداقل و حداکثر بدید شاید بهتر بشه راهنمایی کرد.";NULL;NULL;NULL;"کامپیوتر و موبایل";"بهترين مارك لپ تاپ چيه!؟";"چه لپ تاپي رو پيشنهاد ميدين كه هم واسه برنامه نويسي خوب باشه هم خيلي سبك باشه هم نسبتا قيمتش مناسب باشه!؟"
"1797";"C";"1795";"37";"37";NULL;NULL;"0";"0";NULL;NULL;"143";NULL;"45133076";NULL;NULL;"0";"0";"0";NULL;"0";NULL;"0";;"2017-11-05 21:28:19";NULL;NULL;NULL;"پروژه های متن باز؟؟؟؟؟؟؟؟؟؟؟؟";NULL;NULL;"@";"برنامه‌نویسی";NULL;"یه قانونی هست که میگه برای اینکه در چیزی استاد (master) بشید باید ۱۰۰۰۰ ساعت وقت بزارید و این یعنی ۵ سال روزی ۵ ساعت :) و اگر شما این مقدار وقت گذاشتید مطمئن باشید جواب خواهید گرفت و نکته مهمی که وجود داره این است که سعی کنید برنامه نویسی جزئی از برنامه روزانه اتون باشه نه اینکه یک هفته روزی ۱۰ ساعت کار کنید و هفته بعد هیچی کار نکنید پیوسته و اهسته پیش برید تغییرات رو حس میکنید.
پیشنهاد نمیکنم کتاب بخونید (مگر در موارد خاص و بعضی کتابها که واقعا خوب هستند) چون تا یه کتاب بیاد به مرحله چاپ برسه دو سه سال طول میکشه و مطالبش قدیمی میشه (مثلا کتاب راجع جاوا ۷ نوشته شده سه سال بعد جاوا ۸ میاد و کلی توابع تغییر میکند)

تا میتونید بلاگ برنامه نویسی مختلف و به خصوص Medium.com رو مطالعه کنید و بسیار چیزهای مفید یاد خواهید گرفت.

سایتهای بسیاری برای مسابقات وجود دارند معروفترین میشه گفت topcoder است ولی واسه یه دانشجوی ترم یک که تالا برنامه نویسی کار نکرده یکم شاید مشکل باشه ؟ نمیدونم شایدم من ضعیف بودم اون موقع که نتونستم حلشون کنم :))

پیشنهاد میکنم تا میتونید در پروژه های متن باز (اپن سورس) فعالیت داشته باشید چون مزیتهای بسیاری دارد اولا جز رزومه شما محسوب میشود دوما با کدهای با فرمت خوب زده شدند آشنا میشید و نحوه کد زنی تون به طرز چشم گیری بهبود پیدا میکنه."
"1798";"C";"1770";"19";"19";NULL;NULL;"0";"0";NULL;NULL;"160";NULL;"97816916";NULL;NULL;"0";"0";"0";NULL;"0";NULL;"0";;"2017-11-05 21:37:13";NULL;NULL;NULL;"حدودا ديگه قيمتش حداكثر ٦ تومن بشه";NULL;NULL;"@";"کامپیوتر و موبایل";"بهترين مارك لپ تاپ چيه!؟";"چه لپ تاپي رو پيشنهاد ميدين كه هم واسه برنامه نويسي خوب باشه هم خيلي سبك باشه هم نسبتا قيمتش مناسب باشه!؟"
"1799";"C";"1790";"37";"37";NULL;NULL;"0";"0";NULL;NULL;"149";NULL;"45133076";NULL;NULL;"0";"0";"0";NULL;"0";NULL;"0";;"2017-11-05 21:39:53";NULL;NULL;NULL;"وای چرا انقدر ترسناکه؟؟؟/
temp چیه؟؟؟
length?
rev?
len?
وای من ناامید شدم";NULL;NULL;"@";"برنامه‌نویسی";NULL;"<p>اگر به صورت بازگشتی برعکس عدد رو میخواهید&nbsp; (فرض کنیم عدد مورد نظرتون عدد صحیح است) ابتدا با تقسیم بر دههای متوالی (طول عدد رو به دست بیارید)​&nbsp;</p><p>مثلا عدد ورودی شما&nbsp;۱۰۲&nbsp;باشد طول آن ۳ میشود و تیکه کد زیر همین کار رو انجام میدهد.</p><blockquote><p>temp = num;</p><p>while (temp != 0) {</p><p>length++;</p><p>temp = temp / 10;</p><p>}</p></blockquote><p>بعد با استفاده از تابع بازگشتی زیر میتونید عدد رو به صورت برعکس به دست بیارید.<br>اگر طول تابع ۱ باشد که نیازی به برعکس کردن ندارد ولی ااگر طول آن بیشتر باشد ابتدا عدد یکان آن به دست میاید و به هزارگان برده میشود (در مثال بالا که عددمون ۱۰۲ بود ۲ بدست میاد و وقتی pow میرسه به توان ۲ میرسه و تبدیل میشه به ۲۰۰) و همینطوری برای مابقی اعداد این کار تکرار میشه.</p><p>&nbsp;</p><blockquote><p>int rev(int num, int len)<br>{<br>&nbsp; &nbsp; if (len == 1)<br>&nbsp; &nbsp; {<br>&nbsp; &nbsp; &nbsp; &nbsp; return num;<br>&nbsp; &nbsp; }<br>&nbsp; &nbsp; else<br>&nbsp; &nbsp; {<br>&nbsp; &nbsp; &nbsp; &nbsp; return (((num % 10) * pow(10, len - 1)) + rev(num / 10, --len));<br>&nbsp; &nbsp; }<br>}<br><br>&nbsp;</p></blockquote>"
"1804";"C";"1801";"7";"7";NULL;NULL;"0";"0";NULL;NULL;"118";NULL;"1506177707";NULL;NULL;"0";"0";"0";NULL;"0";NULL;"0";;"2017-11-06 13:31:37";NULL;NULL;NULL;"اگه گروه تلگرامی خاصی هم سراغ دارید که بشه اطلاعیه جذب نیرو توش زد ممنون میشم اطلاع بدید
متشکرم";NULL;NULL;"@";"سایر";"اطلاعیه زدن در برد دانشکده کامپیوتر";"اگه بخواهیم اطلاعیه ای رو تو برد دانشکده کامپیوتر دانشگاه امیرکبیر بچسبونیم آیا از نهاد خاصی باید مجوز بگیریم؟

شنیدم بعضی از دانشگاه ها مثل شریف اگه معاونت فرهنگی پای اطلاعیه مهر نزده باشه اطلاعیه رو از روی برد می کنند."
